index,address
0xfa7c11e9e2D4fCd0f4646515a17289f5892a40B7,49
0x1467E4395F401e72877A46EdEd3DE6bFD714C572,15
0x5aF270304fc52cA1feea3357cF0Fe89CAEa5ECd9,12
0x25D8A0D5708BCa2130ccB0338E3D564d9827b07A,10
0x161e282653B87d5d71fD15d0ca15966154C63259,10
0x47577E20889347f10Bd08D83cD590e8249a87c48,7
0x06F9e5F8F5c170B9EEce58676D932BcC398F52e5,6
0x4476ADbc2BAbA6B54c8e510981FA9eCD26Be3F73,6
0xE66b9c6b6363195E75F806bf5519e578F02114cE,5
0x68FCd0c2B6A0AF11a97C4547c7Cb0947c2F63d9a,5
0x6ffbb6C376d0cf590289671D652Ae92213614828,5
0xDEC41fca69d372f85Ae1846B6ee347beE2529757,5
0x44d19f3DA0FcB4b4dD4BaaAd77ad35E962f6B921,5
0xFC961534a0A55b925dB2c5ee546c8A019c0D78d5,5
0x97Db0E57b1C315a08cc889Ed405ADB100D7F137d,5
0x7360Fa12026263e2e3b29e88AFbE60481112b553,5
0xC0B122746Da2F479A19ee1A558444Ed563bA86A2,5
0x283490755E5D7A65C3F4c79320b184Ef6BaC8b8e,5
0x1081368a635Da8DBf36A190984b153220e4fdfdF,5
0xD3d20F2D89922311F87Cd954691102f475833770,5
