id,address,tokenId,amountBatch,seller,vault,sold,startTime,endTime,cancelled,isAuction,isFlashAuction,isAntisnipe,maxBid,maxBidder,maxOffer,maxOfferer,amount,amountRemaining,desiredAmountRemaining,complete,price,isERC721,isNSFW,version,nextMinimum,donationAddress,donationPercentage,custom1,custom2,custom3,custom4,custom5,custom6,custom7,custom8,userSupplyValid,minBid,minOffer,subgraphIndex,approvalState,contentVerified,isFNFT,nft.lastSellPrice,nft.lastSellId,nft.isNSFW,nft.address,nft.mintOrder,nft.createdTimestamp,nft.isERC721,nft.creator,nft.owner,nft.num,nft.onSale,nft.saleId,nft.price,nft.custom1,nft.custom2,nft.custom3,nft.custom4,nft.custom5,nft.custom6,nft.custom7,nft.custom8,nft.isTransferable,nft.isTracked,nft.contentVerified,nft.approvalState,nft.isFNFT,number,image,Batch,Type,Rank,Total Score,Rarity Score / FTM
310009,0xb75b8dac018f36cdc1e16042bb598c99885ecbf9,53,1,0xeeb072ecbe68bd123888a60cafd4c8c4fa02c65b,,True,1661713638,2022-08-29,False,False,False,True,0,0x0000000000000000000000000000000000000000,0,0x0000000000000000000000000000000000000000,1,0,0,True,70.0,True,False,3,0,0x0000000000000000000000000000000000000000,0,,,,,,,,,True,1,1,0,approve,True,True,70000000000000000000,310009,False,0xb75b8dac018f36cdc1e16042bb598c99885ecbf9,52,1660832832,True,0xb73d876f53b667e1d7e397f300c524f2da783c63,0x283490755e5d7a65c3f4c79320b184ef6bac8b8e,1,False,-1,0,,,,,,,,,True,True,True,approve,True,53,"<img src=https://nft.hedgey.finance/fantom/0xb75b8dac018f36cdc1e16042bb598c99885ecbf9/53.png width=""100"">",Treasure,Treasure,1382.0,115.43867754465128,1.6491239649235898
310043,0xb75b8dac018f36cdc1e16042bb598c99885ecbf9,50,1,0xd3d20f2d89922311f87cd954691102f475833770,,True,1661723709,2022-08-30,False,False,False,True,0,0x0000000000000000000000000000000000000000,0,0x0000000000000000000000000000000000000000,1,0,0,True,150.0,True,False,3,0,0x0000000000000000000000000000000000000000,0,,,,,,,,,True,1,1,1,approve,True,True,150000000000000000000,310043,False,0xb75b8dac018f36cdc1e16042bb598c99885ecbf9,49,1660832580,True,0xb73d876f53b667e1d7e397f300c524f2da783c63,0x5c37bd94ecc43fe09b86374c6ecb8a9844ef9ee2,1,False,-1,0,,,,,,,,,True,True,True,approve,True,50,"<img src=https://nft.hedgey.finance/fantom/0xb75b8dac018f36cdc1e16042bb598c99885ecbf9/50.png width=""100"">",Treasure,Treasure,1164.0,129.39909779257675,0.8626606519505117
311273,0xb75b8dac018f36cdc1e16042bb598c99885ecbf9,375,1,0x7d83ce58640e0c0e5613066c27425b32b6bc99e1,0xd06d2d8c7265707acd6af09580df820d5f87484b,True,1662111440,2022-09-06,False,False,False,True,0,0x0000000000000000000000000000000000000000,0,0x0000000000000000000000000000000000000000,1,0,0,True,50.0,True,False,3,0,0x0000000000000000000000000000000000000000,0,,,,,,,,,True,1,1,2,approve,True,True,50000000000000000000,311273,False,0xb75b8dac018f36cdc1e16042bb598c99885ecbf9,374,1662062985,True,0x7d83ce58640e0c0e5613066c27425b32b6bc99e1,0x056d952f9273b2c10a473cd8088bdfa355b10b6d,1,False,-1,0,,,,,,,,,True,True,True,approve,True,375,"<img src=https://nft.hedgey.finance/fantom/0xb75b8dac018f36cdc1e16042bb598c99885ecbf9/375.png width=""100"">",1,Common,1230.0,125.6776176655353,2.513552353310706
313826,0xb75b8dac018f36cdc1e16042bb598c99885ecbf9,367,1,0x7d83ce58640e0c0e5613066c27425b32b6bc99e1,0xd06d2d8c7265707acd6af09580df820d5f87484b,True,1662652413,2022-09-09,False,False,False,True,0,0x0000000000000000000000000000000000000000,0,0x0000000000000000000000000000000000000000,1,0,0,True,55.0,True,False,3,0,0x0000000000000000000000000000000000000000,0,,,,,,,,,True,1,1,3,approve,True,True,55000000000000000000,313826,False,0xb75b8dac018f36cdc1e16042bb598c99885ecbf9,366,1662062190,True,0xfa7c11e9e2d4fcd0f4646515a17289f5892a40b7,0x056d952f9273b2c10a473cd8088bdfa355b10b6d,1,False,-1,0,,,,,,,,,True,True,True,approve,True,367,"<img src=https://nft.hedgey.finance/fantom/0xb75b8dac018f36cdc1e16042bb598c99885ecbf9/367.png width=""100"">",1,Common,373.0,185.08081419505027,3.3651057126372774
311244,0xb75b8dac018f36cdc1e16042bb598c99885ecbf9,393,1,0x3d4cff1911d70a5810afa4967b87c65dc20d2f3a,,True,1662076068,2022-09-11,False,False,False,True,0,0x0000000000000000000000000000000000000000,0,0x0000000000000000000000000000000000000000,1,0,0,True,60.0,True,False,3,0,0x0000000000000000000000000000000000000000,0,,,,,,,,,True,1,1,4,approve,True,True,60000000000000000000,311244,False,0xb75b8dac018f36cdc1e16042bb598c99885ecbf9,392,1662066708,True,0x3d4cff1911d70a5810afa4967b87c65dc20d2f3a,0x7d374fe73fd8358a93c53e978477f7ba4129be0c,1,False,-1,0,,,,,,,,,True,True,True,approve,True,393,"<img src=https://nft.hedgey.finance/fantom/0xb75b8dac018f36cdc1e16042bb598c99885ecbf9/393.png width=""100"">",1,Common,988.0,138.6542092356022,2.3109034872600365
311465,0xb75b8dac018f36cdc1e16042bb598c99885ecbf9,162,1,0xd3d20f2d89922311f87cd954691102f475833770,,True,1662213982,2022-09-16,False,False,False,True,0,0x0000000000000000000000000000000000000000,0,0x0000000000000000000000000000000000000000,1,0,0,True,68.0,True,False,3,0,0x0000000000000000000000000000000000000000,0,,,,,,,,,True,1,1,5,approve,True,True,68000000000000000000,311465,False,0xb75b8dac018f36cdc1e16042bb598c99885ecbf9,161,1661528406,True,0x28a173026fa5b1c8efbac54f289cf37280610cc6,0x6ffbb6c376d0cf590289671d652ae92213614828,1,False,-1,0,,,,,,,,,True,True,True,approve,True,162,"<img src=https://nft.hedgey.finance/fantom/0xb75b8dac018f36cdc1e16042bb598c99885ecbf9/162.png width=""100"">",1,Common,1415.0,112.0344462770518,1.6475653864272324
315646,0xb75b8dac018f36cdc1e16042bb598c99885ecbf9,478,1,0x1fd8877d83cc870fad1202b7df9c0d8755fc4c83,0x08928fce87e8c44bb8f5b42beb64e849b73eac41,True,1663295516,2022-09-16,False,False,False,True,0,0x0000000000000000000000000000000000000000,0,0x0000000000000000000000000000000000000000,1,0,0,True,70.0,True,False,3,0,0x0000000000000000000000000000000000000000,0,,,,,,,,,True,1,1,6,approve,True,True,70000000000000000000,315646,False,0xb75b8dac018f36cdc1e16042bb598c99885ecbf9,477,1662838067,True,0xfa7c11e9e2d4fcd0f4646515a17289f5892a40b7,0x0e4f4048cc41159a871def77fc7e9de5d4b0d8e7,1,False,-1,0,,,,,,,,,True,True,True,approve,True,478,"<img src=https://nft.hedgey.finance/fantom/0xb75b8dac018f36cdc1e16042bb598c99885ecbf9/478.png width=""100"">",2,Common,961.0,140.4898336700296,2.0069976238575657
311463,0xb75b8dac018f36cdc1e16042bb598c99885ecbf9,399,1,0xe66b9c6b6363195e75f806bf5519e578f02114ce,,True,1662213408,2022-09-16,False,False,False,True,0,0x0000000000000000000000000000000000000000,0,0x0000000000000000000000000000000000000000,1,0,0,True,71.84,True,False,3,0,0x0000000000000000000000000000000000000000,0,,,,,,,,,True,1,1,7,approve,True,True,71840000000000000000,311463,False,0xb75b8dac018f36cdc1e16042bb598c99885ecbf9,398,1662067224,True,0x283490755e5d7a65c3f4c79320b184ef6bac8b8e,0x4476adbc2baba6b54c8e510981fa9ecd26be3f73,1,False,-1,0,,,,,,,,,True,True,True,approve,True,399,"<img src=https://nft.hedgey.finance/fantom/0xb75b8dac018f36cdc1e16042bb598c99885ecbf9/399.png width=""100"">",1,Common,1496.0,92.11844889503683,1.28227239553225
314438,0xb75b8dac018f36cdc1e16042bb598c99885ecbf9,160,1,0x1467e4395f401e72877a46eded3de6bfd714c572,0xed15032b0d66de7d19756566f84216faa0d533ff,True,1662867573,2022-09-16,False,False,False,True,0,0x0000000000000000000000000000000000000000,0,0x0000000000000000000000000000000000000000,1,0,0,True,70.0,True,False,3,0,0x0000000000000000000000000000000000000000,0,,,,,,,,,True,1,1,8,approve,True,True,70000000000000000000,314438,False,0xb75b8dac018f36cdc1e16042bb598c99885ecbf9,159,1661528262,True,0x1467e4395f401e72877a46eded3de6bfd714c572,0x11e5ad5a9c35c362d60a103b546384d9aef007cd,1,False,-1,0,,,,,,,,,True,True,True,approve,True,160,"<img src=https://nft.hedgey.finance/fantom/0xb75b8dac018f36cdc1e16042bb598c99885ecbf9/160.png width=""100"">",1,Common,753.0,152.87991415757082,2.1839987736795834
311245,0xb75b8dac018f36cdc1e16042bb598c99885ecbf9,392,1,0x3d4cff1911d70a5810afa4967b87c65dc20d2f3a,,True,1662076210,2022-09-16,False,False,False,True,0,0x0000000000000000000000000000000000000000,0,0x0000000000000000000000000000000000000000,1,0,0,True,60.0,True,False,3,0,0x0000000000000000000000000000000000000000,0,,,,,,,,,True,1,1,9,approve,True,True,60000000000000000000,311245,False,0xb75b8dac018f36cdc1e16042bb598c99885ecbf9,391,1662066708,True,0x3d4cff1911d70a5810afa4967b87c65dc20d2f3a,0x11e5ad5a9c35c362d60a103b546384d9aef007cd,1,False,-1,0,,,,,,,,,True,True,True,approve,True,392,"<img src=https://nft.hedgey.finance/fantom/0xb75b8dac018f36cdc1e16042bb598c99885ecbf9/392.png width=""100"">",1,Common,1263.0,123.71116283606882,2.0618527139344804
318694,0xb75b8dac018f36cdc1e16042bb598c99885ecbf9,179,1,0x5eae6c797ac561cb68cd7a972963069122138157,0xb7943e38de0b4c7df5364771696f63b5dc154e4c,True,1664221468,2022-09-30,False,False,False,True,0,0x0000000000000000000000000000000000000000,0,0x0000000000000000000000000000000000000000,1,0,0,True,54.0,True,False,3,0,0x0000000000000000000000000000000000000000,0,,,,,,,,,True,1,1,10,approve,True,True,54000000000000000000,318694,False,0xb75b8dac018f36cdc1e16042bb598c99885ecbf9,178,1661528932,True,0xfa7c11e9e2d4fcd0f4646515a17289f5892a40b7,0xa6ff54932ce4604ec7be13125a14833a241eff8b,1,False,-1,0,,,,,,,,,True,True,True,approve,True,179,"<img src=https://nft.hedgey.finance/fantom/0xb75b8dac018f36cdc1e16042bb598c99885ecbf9/179.png width=""100"">",1,Common,1042.0,135.75308939015258,2.5139460998176406
318734,0xb75b8dac018f36cdc1e16042bb598c99885ecbf9,326,1,0x61d7ece32854caf46c6304fd536704eacd4da256,0x39cde18777f6bacffeecee4288d3df04414780be,True,1664261660,2022-10-01,False,False,False,True,0,0x0000000000000000000000000000000000000000,0,0x0000000000000000000000000000000000000000,1,0,0,True,60.0,True,False,3,0,0x0000000000000000000000000000000000000000,0,,,,,,,,,True,1,1,11,approve,True,True,60000000000000000000,318734,False,0xb75b8dac018f36cdc1e16042bb598c99885ecbf9,325,1661897177,True,0x61d7ece32854caf46c6304fd536704eacd4da256,0xf8a11b6792878ac820abfc0c26ba585e9b3745e3,1,False,-1,0,,,,,,,,,True,True,True,approve,True,326,"<img src=https://nft.hedgey.finance/fantom/0xb75b8dac018f36cdc1e16042bb598c99885ecbf9/326.png width=""100"">",1,Common,917.0,143.59690298547488,2.3932817164245814
316396,0xb75b8dac018f36cdc1e16042bb598c99885ecbf9,627,1,0xe66b9c6b6363195e75f806bf5519e578f02114ce,,True,1663422060,2022-10-01,False,False,False,True,0,0x0000000000000000000000000000000000000000,0,0x0000000000000000000000000000000000000000,1,0,0,True,94.65,True,False,3,0,0x0000000000000000000000000000000000000000,0,,,,,,,,,True,1,1,12,approve,True,True,94650000000000000000,316396,False,0xb75b8dac018f36cdc1e16042bb598c99885ecbf9,626,1663163754,True,0xdec41fca69d372f85ae1846b6ee347bee2529757,0xf8a11b6792878ac820abfc0c26ba585e9b3745e3,1,False,-1,0,,,,,,,,,True,True,True,approve,True,627,"<img src=https://nft.hedgey.finance/fantom/0xb75b8dac018f36cdc1e16042bb598c99885ecbf9/627.png width=""100"">",2,Common,487.0,173.41835250588335,1.8322065769242826
318495,0xb75b8dac018f36cdc1e16042bb598c99885ecbf9,136,1,0x66062a6bcf4a0ab22be1da084684947cb6506ab6,0xccb77bff6c7418d8abe23832b41bde80b22d306e,True,1664142298,2022-10-02,False,False,False,True,0,0x0000000000000000000000000000000000000000,0,0x0000000000000000000000000000000000000000,1,0,0,True,55.0,True,False,3,0,0x0000000000000000000000000000000000000000,0,,,,,,,,,True,1,1,13,approve,True,True,55000000000000000000,318495,False,0xb75b8dac018f36cdc1e16042bb598c99885ecbf9,135,1661526725,True,0xfa7c11e9e2d4fcd0f4646515a17289f5892a40b7,0x6e868846b2182235c16fd122fcd44739e55a58e4,1,False,-1,0,,,,,,,,,True,True,True,approve,True,136,"<img src=https://nft.hedgey.finance/fantom/0xb75b8dac018f36cdc1e16042bb598c99885ecbf9/136.png width=""100"">",1,Common,1087.0,133.46417556007472,2.4266213738195406
319341,0xb75b8dac018f36cdc1e16042bb598c99885ecbf9,643,1,0xb7ee483080b3b1a82e24b3c80d94c5c1f536fdb7,0xec8ce9e7fadae3b62061893cfe54318720a1cafa,True,1664459190,2022-10-02,False,False,False,True,0,0x0000000000000000000000000000000000000000,0,0x0000000000000000000000000000000000000000,1,0,0,True,71.0,True,False,3,0,0x0000000000000000000000000000000000000000,0,,,,,,,,,True,1,1,14,approve,True,True,71000000000000000000,319341,False,0xb75b8dac018f36cdc1e16042bb598c99885ecbf9,642,1663319485,True,0xb7ee483080b3b1a82e24b3c80d94c5c1f536fdb7,0x6e868846b2182235c16fd122fcd44739e55a58e4,1,False,-1,0,,,,,,,,,True,True,True,approve,True,643,"<img src=https://nft.hedgey.finance/fantom/0xb75b8dac018f36cdc1e16042bb598c99885ecbf9/643.png width=""100"">",2,Common,1095.0,132.955330721496,1.8726102918520564
318496,0xb75b8dac018f36cdc1e16042bb598c99885ecbf9,566,1,0xc3337be50dc668a868cde1de2978fbfd98428b72,,True,1664142415,2022-10-02,False,False,False,True,0,0x0000000000000000000000000000000000000000,0,0x0000000000000000000000000000000000000000,1,0,0,True,55.0,True,False,3,0,0x0000000000000000000000000000000000000000,0,,,,,,,,,True,1,1,15,approve,True,True,55000000000000000000,318496,False,0xb75b8dac018f36cdc1e16042bb598c99885ecbf9,565,1662846074,True,0xfa7c11e9e2d4fcd0f4646515a17289f5892a40b7,0xba00694692267ed0b5154d48fcb4d435d0b24d3f,1,False,-1,0,,,,,,,,,True,True,True,approve,True,566,"<img src=https://nft.hedgey.finance/fantom/0xb75b8dac018f36cdc1e16042bb598c99885ecbf9/566.png width=""100"">",2,Common,1419.0,111.66072253053844,2.030194955100699
319829,0xb75b8dac018f36cdc1e16042bb598c99885ecbf9,555,1,0x5ca642d0138f8fa36f4ec6311190825392246ada,,True,1664725947,2022-10-02,False,False,False,False,0,0x0000000000000000000000000000000000000000,0,0x0000000000000000000000000000000000000000,1,0,0,True,76.54,True,False,3,0,0x0000000000000000000000000000000000000000,0,,,,,,,,,True,1,1,16,approve,True,True,76540000000000000000,319829,False,0xb75b8dac018f36cdc1e16042bb598c99885ecbf9,554,1662844796,True,0x5ca642d0138f8fa36f4ec6311190825392246ada,0x91600d9248e62bb225c9dc980a2c315f93ff546a,1,False,-1,0,,,,,,,,,True,True,True,approve,True,555,"<img src=https://nft.hedgey.finance/fantom/0xb75b8dac018f36cdc1e16042bb598c99885ecbf9/555.png width=""100"">",2,Common,289.0,195.58973005530743,2.55539234459508
320032,0xb75b8dac018f36cdc1e16042bb598c99885ecbf9,545,1,0xf46d9287207fce4dc6cbd530905307840f01e51b,,True,1664824149,2022-10-04,False,False,False,True,0,0x0000000000000000000000000000000000000000,0,0x0000000000000000000000000000000000000000,1,0,0,True,55.0,True,False,3,0,0x0000000000000000000000000000000000000000,0,,,,,,,,,True,1,1,17,approve,True,True,55000000000000000000,320032,False,0xb75b8dac018f36cdc1e16042bb598c99885ecbf9,544,1662843196,True,0xfa7c11e9e2d4fcd0f4646515a17289f5892a40b7,0x056d952f9273b2c10a473cd8088bdfa355b10b6d,1,False,-1,0,,,,,,,,,True,True,True,approve,True,545,"<img src=https://nft.hedgey.finance/fantom/0xb75b8dac018f36cdc1e16042bb598c99885ecbf9/545.png width=""100"">",2,Common,537.0,169.44297039915872,3.0807812799847043
320598,0xb75b8dac018f36cdc1e16042bb598c99885ecbf9,30,1,0xd142ab6d8e7b3c7b2efbda250158cfa2b8680d63,,True,1664972945,2022-10-05,False,False,False,False,0,0x0000000000000000000000000000000000000000,0,0x0000000000000000000000000000000000000000,1,0,0,True,69.54,True,False,3,0,0x0000000000000000000000000000000000000000,0,,,,,,,,,True,1,1,18,approve,True,True,69540000000000000000,320598,False,0xb75b8dac018f36cdc1e16042bb598c99885ecbf9,29,1660832330,True,0xb73d876f53b667e1d7e397f300c524f2da783c63,0x283490755e5d7a65c3f4c79320b184ef6bac8b8e,1,False,-1,0,,,,,,,,,True,True,True,approve,True,30,"<img src=https://nft.hedgey.finance/fantom/0xb75b8dac018f36cdc1e16042bb598c99885ecbf9/30.png width=""100"">",Treasure,Treasure,208.0,210.34555991185877,3.0248139187785266
320600,0xb75b8dac018f36cdc1e16042bb598c99885ecbf9,239,1,0xd142ab6d8e7b3c7b2efbda250158cfa2b8680d63,,True,1664973033,2022-10-05,False,False,False,False,0,0x0000000000000000000000000000000000000000,0,0x0000000000000000000000000000000000000000,1,0,0,True,76.54,True,False,3,0,0x0000000000000000000000000000000000000000,0,,,,,,,,,True,1,1,19,approve,True,True,76540000000000000000,320600,False,0xb75b8dac018f36cdc1e16042bb598c99885ecbf9,238,1661538289,True,0xd142ab6d8e7b3c7b2efbda250158cfa2b8680d63,0x283490755e5d7a65c3f4c79320b184ef6bac8b8e,1,False,-1,0,,,,,,,,,True,True,True,approve,True,239,"<img src=https://nft.hedgey.finance/fantom/0xb75b8dac018f36cdc1e16042bb598c99885ecbf9/239.png width=""100"">",1,Common,104.0,239.86557427074536,3.133859083756798
320594,0xb75b8dac018f36cdc1e16042bb598c99885ecbf9,43,1,0xd142ab6d8e7b3c7b2efbda250158cfa2b8680d63,,True,1664972581,2022-10-06,False,False,False,True,0,0x0000000000000000000000000000000000000000,0,0x0000000000000000000000000000000000000000,1,0,0,True,60.0,True,False,3,0,0x0000000000000000000000000000000000000000,0,,,,,,,,,True,1,1,20,approve,True,True,60000000000000000000,320594,False,0xb75b8dac018f36cdc1e16042bb598c99885ecbf9,42,1660832580,True,0xb73d876f53b667e1d7e397f300c524f2da783c63,0x283490755e5d7a65c3f4c79320b184ef6bac8b8e,1,False,-1,0,,,,,,,,,True,True,True,approve,True,43,"<img src=https://nft.hedgey.finance/fantom/0xb75b8dac018f36cdc1e16042bb598c99885ecbf9/43.png width=""100"">",Treasure,Treasure,360.0,185.84256212279027,3.097376035379838
320595,0xb75b8dac018f36cdc1e16042bb598c99885ecbf9,41,1,0xd142ab6d8e7b3c7b2efbda250158cfa2b8680d63,0x7edad997bdea1969f3d89f8629872b5a3dca1e79,True,1664972724,2022-10-06,False,False,False,True,0,0x0000000000000000000000000000000000000000,0,0x0000000000000000000000000000000000000000,1,0,0,True,55.0,True,False,3,0,0x0000000000000000000000000000000000000000,0,,,,,,,,,True,1,1,21,approve,True,True,55000000000000000000,320595,False,0xb75b8dac018f36cdc1e16042bb598c99885ecbf9,40,1660832580,True,0xb73d876f53b667e1d7e397f300c524f2da783c63,0x283490755e5d7a65c3f4c79320b184ef6bac8b8e,1,False,-1,0,,,,,,,,,True,True,True,approve,True,41,"<img src=https://nft.hedgey.finance/fantom/0xb75b8dac018f36cdc1e16042bb598c99885ecbf9/41.png width=""100"">",Treasure,Treasure,1190.0,128.00532881378038,2.327369614796007
320599,0xb75b8dac018f36cdc1e16042bb598c99885ecbf9,21,1,0xd142ab6d8e7b3c7b2efbda250158cfa2b8680d63,0x7edad997bdea1969f3d89f8629872b5a3dca1e79,True,1664972994,2022-10-06,False,False,False,True,0,0x0000000000000000000000000000000000000000,0,0x0000000000000000000000000000000000000000,1,0,0,True,55.0,True,False,3,0,0x0000000000000000000000000000000000000000,0,,,,,,,,,True,1,1,22,approve,True,True,55000000000000000000,320599,False,0xb75b8dac018f36cdc1e16042bb598c99885ecbf9,20,1660832330,True,0xb73d876f53b667e1d7e397f300c524f2da783c63,0x283490755e5d7a65c3f4c79320b184ef6bac8b8e,1,False,-1,0,,,,,,,,,True,True,True,approve,True,21,"<img src=https://nft.hedgey.finance/fantom/0xb75b8dac018f36cdc1e16042bb598c99885ecbf9/21.png width=""100"">",Treasure,Treasure,1447.0,107.14528269757372,1.948096049046795
321119,0xb75b8dac018f36cdc1e16042bb598c99885ecbf9,26,1,0x00ab97c782c661fb3d08c96dce06176938101211,,True,1665292528,2022-10-09,False,False,False,False,0,0x0000000000000000000000000000000000000000,0,0x0000000000000000000000000000000000000000,1,0,0,True,69.54,True,False,3,0,0x0000000000000000000000000000000000000000,0,,,,,,,,,True,1,1,23,approve,True,True,69540000000000000000,321119,False,0xb75b8dac018f36cdc1e16042bb598c99885ecbf9,25,1660832330,True,0xb73d876f53b667e1d7e397f300c524f2da783c63,0x283490755e5d7a65c3f4c79320b184ef6bac8b8e,1,False,-1,0,,,,,,,,,True,True,True,approve,True,26,"<img src=https://nft.hedgey.finance/fantom/0xb75b8dac018f36cdc1e16042bb598c99885ecbf9/26.png width=""100"">",Treasure,Treasure,173.0,218.39773995226105,3.1406059814820395
321288,0xb75b8dac018f36cdc1e16042bb598c99885ecbf9,436,1,0x4476adbc2baba6b54c8e510981fa9ecd26be3f73,,True,1665340845,2022-10-09,False,False,False,False,0,0x0000000000000000000000000000000000000000,0,0x0000000000000000000000000000000000000000,1,0,0,True,72.3,True,False,3,0,0x0000000000000000000000000000000000000000,0,,,,,,,,,True,1,1,24,approve,True,True,72300000000000000000,321288,False,0xb75b8dac018f36cdc1e16042bb598c99885ecbf9,435,1662837682,True,0xfa7c11e9e2d4fcd0f4646515a17289f5892a40b7,0x283490755e5d7a65c3f4c79320b184ef6bac8b8e,1,False,-1,0,,,,,,,,,True,True,True,approve,True,436,"<img src=https://nft.hedgey.finance/fantom/0xb75b8dac018f36cdc1e16042bb598c99885ecbf9/436.png width=""100"">",2,Common,403.0,181.26942605051656,2.5071843160514047
321522,0xb75b8dac018f36cdc1e16042bb598c99885ecbf9,237,1,0xd142ab6d8e7b3c7b2efbda250158cfa2b8680d63,,True,1665485606,2022-10-11,False,False,False,False,0,0x0000000000000000000000000000000000000000,0,0x0000000000000000000000000000000000000000,1,0,0,True,60.0,True,False,3,0,0x0000000000000000000000000000000000000000,0,,,,,,,,,True,1,1,25,approve,True,True,60000000000000000000,321522,False,0xb75b8dac018f36cdc1e16042bb598c99885ecbf9,236,1661538289,True,0xd142ab6d8e7b3c7b2efbda250158cfa2b8680d63,0x283490755e5d7a65c3f4c79320b184ef6bac8b8e,1,False,-1,0,,,,,,,,,True,True,True,approve,True,237,"<img src=https://nft.hedgey.finance/fantom/0xb75b8dac018f36cdc1e16042bb598c99885ecbf9/237.png width=""100"">",1,Common,288.0,195.61970270850767,3.260328378475128
320437,0xb75b8dac018f36cdc1e16042bb598c99885ecbf9,807,1,0xe66b9c6b6363195e75f806bf5519e578f02114ce,,True,1664927669,2022-10-11,False,False,False,True,0,0x0000000000000000000000000000000000000000,0,0x0000000000000000000000000000000000000000,1,0,0,True,60.6,True,False,3,0,0x0000000000000000000000000000000000000000,0,,,,,,,,,True,1,1,26,approve,True,True,60600000000000000000,320437,False,0xb75b8dac018f36cdc1e16042bb598c99885ecbf9,806,1664823930,True,0xe66b9c6b6363195e75f806bf5519e578f02114ce,0x16149f47c3178f7edd6deca2d6405552f1071421,1,False,-1,0,,,,,,,,,True,True,True,approve,True,807,"<img src=https://nft.hedgey.finance/fantom/0xb75b8dac018f36cdc1e16042bb598c99885ecbf9/807.png width=""100"">",3,Common,1334.0,118.77243380733908,1.9599411519362884
318735,0xb75b8dac018f36cdc1e16042bb598c99885ecbf9,325,1,0x61d7ece32854caf46c6304fd536704eacd4da256,0x39cde18777f6bacffeecee4288d3df04414780be,True,1664261737,2022-10-12,False,False,False,True,0,0x0000000000000000000000000000000000000000,0,0x0000000000000000000000000000000000000000,1,0,0,True,50.0,True,False,3,0,0x0000000000000000000000000000000000000000,0,,,,,,,,,True,1,1,27,approve,True,True,50000000000000000000,318735,False,0xb75b8dac018f36cdc1e16042bb598c99885ecbf9,324,1661896961,True,0x61d7ece32854caf46c6304fd536704eacd4da256,0xaa882903d7e8d07bf44242a11e7368d1b8de9f92,1,False,-1,0,,,,,,,,,True,True,True,approve,True,325,"<img src=https://nft.hedgey.finance/fantom/0xb75b8dac018f36cdc1e16042bb598c99885ecbf9/325.png width=""100"">",1,Common,967.0,140.32365782941503,2.8064731565883005
319959,0xb75b8dac018f36cdc1e16042bb598c99885ecbf9,479,1,0x6dfdc07d533d5f68879bc1b20b15d64cb39e2319,0x2fdcfe0f88cd47b13d105bc59d85b5ea9e009a76,True,1664811055,2022-10-17,False,False,False,True,0,0x0000000000000000000000000000000000000000,0,0x0000000000000000000000000000000000000000,1,0,0,True,55.0,True,False,3,0,0x0000000000000000000000000000000000000000,0,,,,,,,,,True,1,1,28,approve,True,True,55000000000000000000,319959,False,0xb75b8dac018f36cdc1e16042bb598c99885ecbf9,478,1662838067,True,0xfa7c11e9e2d4fcd0f4646515a17289f5892a40b7,0xaa882903d7e8d07bf44242a11e7368d1b8de9f92,1,False,-1,0,,,,,,,,,True,True,True,approve,True,479,"<img src=https://nft.hedgey.finance/fantom/0xb75b8dac018f36cdc1e16042bb598c99885ecbf9/479.png width=""100"">",2,Common,1035.0,136.16579974692002,2.4757418135803637
321786,0xb75b8dac018f36cdc1e16042bb598c99885ecbf9,471,1,0x087f02a7270ef1389f1dbb7ed7411a9eed5ff64f,,True,1665663904,2022-10-24,False,False,False,True,0,0x0000000000000000000000000000000000000000,0,0x0000000000000000000000000000000000000000,1,0,0,True,45.0,True,False,3,0,0x0000000000000000000000000000000000000000,0,,,,,,,,,True,1,1,29,approve,True,True,45000000000000000000,321786,False,0xb75b8dac018f36cdc1e16042bb598c99885ecbf9,470,1662837902,True,0xfa7c11e9e2d4fcd0f4646515a17289f5892a40b7,0xcffa66d1732cb630fb188c4f202cefa2fee5e471,1,False,-1,0,,,,,,,,,True,True,True,approve,True,471,"<img src=https://nft.hedgey.finance/fantom/0xb75b8dac018f36cdc1e16042bb598c99885ecbf9/471.png width=""100"">",2,Common,1369.0,116.23524884464352,2.583005529880967
325543,0xb75b8dac018f36cdc1e16042bb598c99885ecbf9,96,1,0xd8b1d41a77f12bb972ead1b4c3503693f1cd0560,,True,1666753671,2022-10-27,False,False,False,True,0,0x0000000000000000000000000000000000000000,0,0x0000000000000000000000000000000000000000,1,0,0,True,50.0,True,False,3,0,0x0000000000000000000000000000000000000000,0,,,,,,,,,True,1,1,30,approve,True,True,50000000000000000000,325543,False,0xb75b8dac018f36cdc1e16042bb598c99885ecbf9,95,1660832890,True,0xb73d876f53b667e1d7e397f300c524f2da783c63,0x056d952f9273b2c10a473cd8088bdfa355b10b6d,1,False,-1,0,,,,,,,,,True,True,True,approve,True,96,"<img src=https://nft.hedgey.finance/fantom/0xb75b8dac018f36cdc1e16042bb598c99885ecbf9/96.png width=""100"">",Treasure,Treasure,1355.0,117.45643435482168,2.3491286870964334
321519,0xb75b8dac018f36cdc1e16042bb598c99885ecbf9,443,1,0xcf750ab96af89d7531e6c786283b604c44191042,0xc2aecade86b6988c5e503fb47a057156ad65f7fb,True,1665481286,2022-10-29,False,False,False,True,0,0x0000000000000000000000000000000000000000,0,0x0000000000000000000000000000000000000000,1,0,0,True,55.0,True,False,3,0,0x0000000000000000000000000000000000000000,0,,,,,,,,,True,1,1,31,approve,True,True,55000000000000000000,321519,False,0xb75b8dac018f36cdc1e16042bb598c99885ecbf9,442,1662837717,True,0xfa7c11e9e2d4fcd0f4646515a17289f5892a40b7,0x7abdef5eb43d74227f4b5ca253e1b202332ad044,1,False,-1,0,,,,,,,,,True,True,True,approve,True,443,"<img src=https://nft.hedgey.finance/fantom/0xb75b8dac018f36cdc1e16042bb598c99885ecbf9/443.png width=""100"">",2,Common,792.0,150.22194543426644,2.7313080988048446
321290,0xb75b8dac018f36cdc1e16042bb598c99885ecbf9,765,1,0xd473781816837c7cd2fadc34e66f09786d2e2694,0xb18af0b943ce18850211c22ba01d23943e1a7f5d,True,1665341751,2022-11-05,False,False,False,True,0,0x0000000000000000000000000000000000000000,0,0x0000000000000000000000000000000000000000,1,0,0,True,59.0,True,False,3,0,0x0000000000000000000000000000000000000000,0,,,,,,,,,True,1,1,32,approve,True,True,59000000000000000000,321290,False,0xb75b8dac018f36cdc1e16042bb598c99885ecbf9,764,1664703854,True,0xfa7c11e9e2d4fcd0f4646515a17289f5892a40b7,0xf2e4a05cbae83fb3173becee7a31686e8a6ae3ce,1,False,-1,0,,,,,,,,,True,True,True,approve,True,765,"<img src=https://nft.hedgey.finance/fantom/0xb75b8dac018f36cdc1e16042bb598c99885ecbf9/765.png width=""100"">",3,Common,1144.0,130.17861962796044,2.206417281829838
319961,0xb75b8dac018f36cdc1e16042bb598c99885ecbf9,464,1,0x6fbda359cf0d60187cbadace3f3e23d071b3010e,,True,1664811243,2022-11-05,False,False,False,True,0,0x0000000000000000000000000000000000000000,0,0x0000000000000000000000000000000000000000,1,0,0,True,55.0,True,False,3,0,0x0000000000000000000000000000000000000000,0,,,,,,,,,True,1,1,33,approve,True,True,55000000000000000000,319961,False,0xb75b8dac018f36cdc1e16042bb598c99885ecbf9,463,1662837902,True,0xfa7c11e9e2d4fcd0f4646515a17289f5892a40b7,0xa3f6bb2a94349886e52238b027eec751cfb672f3,1,False,-1,0,,,,,,,,,True,True,True,approve,True,464,"<img src=https://nft.hedgey.finance/fantom/0xb75b8dac018f36cdc1e16042bb598c99885ecbf9/464.png width=""100"">",2,Common,1345.0,118.4447144181438,2.153540262148069
328070,0xb75b8dac018f36cdc1e16042bb598c99885ecbf9,52,1,0xd473781816837c7cd2fadc34e66f09786d2e2694,0xb18af0b943ce18850211c22ba01d23943e1a7f5d,True,1668537890,2022-11-27,False,False,False,True,0,0x0000000000000000000000000000000000000000,0,0x0000000000000000000000000000000000000000,1,0,0,True,700.0,True,False,3,0,0x0000000000000000000000000000000000000000,0,,,,,,,,,True,1,1,34,approve,True,True,700000000000000000000,328070,False,0xb75b8dac018f36cdc1e16042bb598c99885ecbf9,51,1660832832,True,0xb73d876f53b667e1d7e397f300c524f2da783c63,0x073aba73177668ba1c6661a4ccddbf77dfc8809a,1,False,-1,0,,,,,,,,,True,True,True,approve,True,52,"<img src=https://nft.hedgey.finance/fantom/0xb75b8dac018f36cdc1e16042bb598c99885ecbf9/52.png width=""100"">",Treasure,Treasure,235.0,203.52512317002376,0.2907501759571768
329204,0xb75b8dac018f36cdc1e16042bb598c99885ecbf9,423,1,0xd473781816837c7cd2fadc34e66f09786d2e2694,0xb18af0b943ce18850211c22ba01d23943e1a7f5d,True,1669405201,2022-11-27,False,False,False,True,0,0x0000000000000000000000000000000000000000,0,0x0000000000000000000000000000000000000000,1,0,0,True,700.0,True,False,3,0,0x0000000000000000000000000000000000000000,0,,,,,,,,,True,1,1,35,approve,True,True,700000000000000000000,329204,False,0xb75b8dac018f36cdc1e16042bb598c99885ecbf9,422,1662836630,True,0xd473781816837c7cd2fadc34e66f09786d2e2694,0x073aba73177668ba1c6661a4ccddbf77dfc8809a,1,False,-1,0,,,,,,,,,True,True,True,approve,True,423,"<img src=https://nft.hedgey.finance/fantom/0xb75b8dac018f36cdc1e16042bb598c99885ecbf9/423.png width=""100"">",2,Story,33.0,290.151249184053,0.4145017845486471
326045,0xb75b8dac018f36cdc1e16042bb598c99885ecbf9,940,1,0xb30859a7e17e51b0bd34dcdc907b908e3f5f08ba,0x0483fbc9734470ea4c5b486847e51f8f312ea49e,True,1667116934,2022-11-27,False,False,False,True,0,0x0000000000000000000000000000000000000000,0,0x0000000000000000000000000000000000000000,1,0,0,True,800.0,True,False,3,0,0x0000000000000000000000000000000000000000,0,,,,,,,,,True,1,1,36,approve,True,True,800000000000000000000,326045,False,0xb75b8dac018f36cdc1e16042bb598c99885ecbf9,939,1667051951,True,0xb30859a7e17e51b0bd34dcdc907b908e3f5f08ba,0x073aba73177668ba1c6661a4ccddbf77dfc8809a,1,False,-1,0,,,,,,,,,True,True,True,approve,True,940,"<img src=https://nft.hedgey.finance/fantom/0xb75b8dac018f36cdc1e16042bb598c99885ecbf9/940.png width=""100"">",3,Common,1015.0,136.94251858368824,0.1711781482296103
320035,0xb75b8dac018f36cdc1e16042bb598c99885ecbf9,337,1,0xd81f3a7f6d6eebcafec979a0b8b31e4f2f8e718a,,True,1664829608,2022-11-27,False,False,False,True,0,0x0000000000000000000000000000000000000000,0,0x0000000000000000000000000000000000000000,1,0,0,True,100.0,True,False,3,0,0x0000000000000000000000000000000000000000,0,,,,,,,,,True,1,1,37,approve,True,True,100000000000000000000,320035,False,0xb75b8dac018f36cdc1e16042bb598c99885ecbf9,336,1661974390,True,0xd81f3a7f6d6eebcafec979a0b8b31e4f2f8e718a,0x073aba73177668ba1c6661a4ccddbf77dfc8809a,1,False,-1,0,,,,,,,,,True,True,True,approve,True,337,"<img src=https://nft.hedgey.finance/fantom/0xb75b8dac018f36cdc1e16042bb598c99885ecbf9/337.png width=""100"">",1,Common,1137.0,130.49145436450635,1.3049145436450635
320949,0xb75b8dac018f36cdc1e16042bb598c99885ecbf9,453,1,0xf3f70b9eb78d21b5c96bbad5042c51b95aa85f45,0x881c31b1d61e8145a23f5716f493b1bf7cf14acf,True,1665188789,2022-11-27,False,False,False,True,0,0x0000000000000000000000000000000000000000,0,0x0000000000000000000000000000000000000000,1,0,0,True,70.0,True,False,3,0,0x0000000000000000000000000000000000000000,0,,,,,,,,,True,1,1,38,approve,True,True,70000000000000000000,320949,False,0xb75b8dac018f36cdc1e16042bb598c99885ecbf9,452,1662837748,True,0xfa7c11e9e2d4fcd0f4646515a17289f5892a40b7,0x6e868846b2182235c16fd122fcd44739e55a58e4,1,False,-1,0,,,,,,,,,True,True,True,approve,True,453,"<img src=https://nft.hedgey.finance/fantom/0xb75b8dac018f36cdc1e16042bb598c99885ecbf9/453.png width=""100"">",2,Common,250.0,201.83241036816557,2.883320148116651
326992,0xb75b8dac018f36cdc1e16042bb598c99885ecbf9,558,1,0x02bfd87fb5b3a7a2e643c0af9a72e88e0f868077,,True,1667660255,2022-11-28,False,False,False,True,0,0x0000000000000000000000000000000000000000,0,0x0000000000000000000000000000000000000000,1,0,0,True,55.0,True,False,3,0,0x0000000000000000000000000000000000000000,0,,,,,,,,,True,1,1,39,approve,True,True,55000000000000000000,326992,False,0xb75b8dac018f36cdc1e16042bb598c99885ecbf9,557,1662845096,True,0x5ca642d0138f8fa36f4ec6311190825392246ada,0xc2a8219448800f5c4187c8408b8566c151ceaee6,1,False,-1,0,,,,,,,,,True,True,True,approve,True,558,"<img src=https://nft.hedgey.finance/fantom/0xb75b8dac018f36cdc1e16042bb598c99885ecbf9/558.png width=""100"">",2,Common,479.0,174.02021465045934,3.164003902735624
326701,0xb75b8dac018f36cdc1e16042bb598c99885ecbf9,29,1,0xb2cd50531bdaa4dd53c7451d697666483a402fb3,0x1ac298b8bf2c2e4462b9027c31bb264270b2e5bb,True,1667491628,2022-11-28,False,False,False,True,0,0x0000000000000000000000000000000000000000,0,0x0000000000000000000000000000000000000000,1,0,0,True,100.0,True,False,3,0,0x0000000000000000000000000000000000000000,0,,,,,,,,,True,1,1,40,approve,True,True,100000000000000000000,326701,False,0xb75b8dac018f36cdc1e16042bb598c99885ecbf9,28,1660832330,True,0xb73d876f53b667e1d7e397f300c524f2da783c63,0x92b39e4c14a00a3fb4f0a347237b35236684b458,1,False,-1,0,,,,,,,,,True,True,True,approve,True,29,"<img src=https://nft.hedgey.finance/fantom/0xb75b8dac018f36cdc1e16042bb598c99885ecbf9/29.png width=""100"">",Treasure,Treasure,419.0,179.87330572490507,1.7987330572490507
329641,0xb75b8dac018f36cdc1e16042bb598c99885ecbf9,625,1,0x283490755e5d7a65c3f4c79320b184ef6bac8b8e,,True,1669665882,2022-11-30,False,False,False,True,0,0x0000000000000000000000000000000000000000,0,0x0000000000000000000000000000000000000000,1,0,0,True,88.01,True,False,3,0,0x0000000000000000000000000000000000000000,0,,,,,,,,,True,1,1,41,approve,True,True,88010000000000000000,329641,False,0xb75b8dac018f36cdc1e16042bb598c99885ecbf9,624,1663121638,True,0x283490755e5d7a65c3f4c79320b184ef6bac8b8e,0x823b6b8da270906f0a231223e46edb5bdea3ff13,1,False,-1,0,,,,,,,,,True,True,True,approve,True,625,"<img src=https://nft.hedgey.finance/fantom/0xb75b8dac018f36cdc1e16042bb598c99885ecbf9/625.png width=""100"">",2,Common,673.0,157.74875448748205,1.7923958014712196
329644,0xb75b8dac018f36cdc1e16042bb598c99885ecbf9,483,1,0x283490755e5d7a65c3f4c79320b184ef6bac8b8e,,True,1669666044,2022-11-30,False,False,False,True,0,0x0000000000000000000000000000000000000000,0,0x0000000000000000000000000000000000000000,1,0,0,True,85.23,True,False,3,0,0x0000000000000000000000000000000000000000,0,,,,,,,,,True,1,1,42,approve,True,True,85230000000000000000,329644,False,0xb75b8dac018f36cdc1e16042bb598c99885ecbf9,482,1662838203,True,0xfa7c11e9e2d4fcd0f4646515a17289f5892a40b7,0x46af602431c18668630333bfdbd88477f52efb29,1,False,-1,0,,,,,,,,,True,True,True,approve,True,483,"<img src=https://nft.hedgey.finance/fantom/0xb75b8dac018f36cdc1e16042bb598c99885ecbf9/483.png width=""100"">",2,Common,751.0,152.97953970537714,1.7949024956632305
329813,0xb75b8dac018f36cdc1e16042bb598c99885ecbf9,573,1,0x283490755e5d7a65c3f4c79320b184ef6bac8b8e,,True,1669732438,2022-12-01,False,False,False,True,0,0x0000000000000000000000000000000000000000,0,0x0000000000000000000000000000000000000000,1,0,0,True,58.09,True,False,3,0,0x0000000000000000000000000000000000000000,0,,,,,,,,,True,1,1,43,approve,True,True,58090000000000000000,329813,False,0xb75b8dac018f36cdc1e16042bb598c99885ecbf9,572,1662846790,True,0xdec41fca69d372f85ae1846b6ee347bee2529757,0x1ca5272372ba4538f5b33ad5f25678a1338e8c3f,1,False,-1,0,,,,,,,,,True,True,True,approve,True,573,"<img src=https://nft.hedgey.finance/fantom/0xb75b8dac018f36cdc1e16042bb598c99885ecbf9/573.png width=""100"">",2,Common,1487.0,100.93994930327484,1.7376476037747433
329631,0xb75b8dac018f36cdc1e16042bb598c99885ecbf9,803,1,0x283490755e5d7a65c3f4c79320b184ef6bac8b8e,,True,1669665493,2022-12-01,False,False,False,True,0,0x0000000000000000000000000000000000000000,0,0x0000000000000000000000000000000000000000,1,0,0,True,91.82,True,False,3,0,0x0000000000000000000000000000000000000000,0,,,,,,,,,True,1,1,44,approve,True,True,91820000000000000000,329631,False,0xb75b8dac018f36cdc1e16042bb598c99885ecbf9,802,1664823549,True,0xe66b9c6b6363195e75f806bf5519e578f02114ce,0xdd88b8d2285149f3872555b794abda0138322ced,1,False,-1,0,,,,,,,,,True,True,True,approve,True,803,"<img src=https://nft.hedgey.finance/fantom/0xb75b8dac018f36cdc1e16042bb598c99885ecbf9/803.png width=""100"">",3,Common,620.0,161.82188683130374,1.7623816906044845
328498,0xb75b8dac018f36cdc1e16042bb598c99885ecbf9,921,1,0x00ab97c782c661fb3d08c96dce06176938101211,,True,1668992091,2022-12-01,False,False,False,True,0,0x0000000000000000000000000000000000000000,0,0x0000000000000000000000000000000000000000,1,0,0,True,70.0,True,False,3,0,0x0000000000000000000000000000000000000000,0,,,,,,,,,True,1,1,45,approve,True,True,45000000000000000000,330160,False,0xb75b8dac018f36cdc1e16042bb598c99885ecbf9,920,1666038512,True,0xfa7c11e9e2d4fcd0f4646515a17289f5892a40b7,0xd27bfa0bb69bd04cb869660b2ef97acf0ee3a707,1,False,-1,0,,,,,,,,,True,True,True,approve,True,921,"<img src=https://nft.hedgey.finance/fantom/0xb75b8dac018f36cdc1e16042bb598c99885ecbf9/921.png width=""100"">",3,Common,822.0,148.5947954343629,2.12278279191947
319962,0xb75b8dac018f36cdc1e16042bb598c99885ecbf9,445,1,0xbba8de431d74518e113fa0ecedf410c7748f1b59,,True,1664811380,2022-12-01,False,False,False,True,0,0x0000000000000000000000000000000000000000,0,0x0000000000000000000000000000000000000000,1,0,0,True,55.0,True,False,3,0,0x0000000000000000000000000000000000000000,0,,,,,,,,,True,1,1,46,approve,True,True,34000000000000000000,330159,False,0xb75b8dac018f36cdc1e16042bb598c99885ecbf9,444,1662837717,True,0xfa7c11e9e2d4fcd0f4646515a17289f5892a40b7,0xf8a11b6792878ac820abfc0c26ba585e9b3745e3,1,False,-1,0,,,,,,,,,True,True,True,approve,True,445,"<img src=https://nft.hedgey.finance/fantom/0xb75b8dac018f36cdc1e16042bb598c99885ecbf9/445.png width=""100"">",2,Common,945.0,141.73219733709445,2.5769490424926262
328499,0xb75b8dac018f36cdc1e16042bb598c99885ecbf9,770,1,0x00ab97c782c661fb3d08c96dce06176938101211,,True,1668992248,2022-12-01,False,False,False,True,0,0x0000000000000000000000000000000000000000,0,0x0000000000000000000000000000000000000000,1,0,0,True,60.0,True,False,3,0,0x0000000000000000000000000000000000000000,0,,,,,,,,,True,1,1,47,approve,True,True,34000000000000000000,330157,False,0xb75b8dac018f36cdc1e16042bb598c99885ecbf9,769,1664703867,True,0xfa7c11e9e2d4fcd0f4646515a17289f5892a40b7,0xf8a11b6792878ac820abfc0c26ba585e9b3745e3,1,False,-1,0,,,,,,,,,True,True,True,approve,True,770,"<img src=https://nft.hedgey.finance/fantom/0xb75b8dac018f36cdc1e16042bb598c99885ecbf9/770.png width=""100"">",3,Common,1358.0,117.07635887411774,1.9512726479019624
329600,0xb75b8dac018f36cdc1e16042bb598c99885ecbf9,883,1,0x9950dd62617f6123551aa61de4a31a0dee02a4e9,0xdf60ade7ec8c9754282ea174d2f8345982c13923,True,1669652066,2022-12-01,False,False,False,True,0,0x0000000000000000000000000000000000000000,0,0x0000000000000000000000000000000000000000,1,0,0,True,55.0,True,False,3,0,0x0000000000000000000000000000000000000000,0,,,,,,,,,True,1,1,48,approve,True,True,59000000000000000000,330158,False,0xb75b8dac018f36cdc1e16042bb598c99885ecbf9,882,1665370168,True,0x9950dd62617f6123551aa61de4a31a0dee02a4e9,0x74ae37b023f411ff80f3a98d1f4680f38f029e57,1,False,-1,0,,,,,,,,,True,True,True,approve,True,883,"<img src=https://nft.hedgey.finance/fantom/0xb75b8dac018f36cdc1e16042bb598c99885ecbf9/883.png width=""100"">",3,Common,768.0,152.19227038157274,2.767132188755868
330163,0xb75b8dac018f36cdc1e16042bb598c99885ecbf9,268,1,0xfe19d7faef179a07f1f0602b714a621e9ed0a00c,0x182b0b8c94e9d0b300e1de6db07e54b4be8de1e6,True,1669891849,2022-12-05,False,False,False,True,0,0x0000000000000000000000000000000000000000,0,0x0000000000000000000000000000000000000000,1,0,0,True,45.0,True,False,3,0,0x0000000000000000000000000000000000000000,0,,,,,,,,,True,1,1,49,approve,True,True,45000000000000000000,330163,False,0xb75b8dac018f36cdc1e16042bb598c99885ecbf9,267,1661605391,True,0xfe19d7faef179a07f1f0602b714a621e9ed0a00c,0x695d390b93e4cd8e09daf3dfae8e86e1ee4105b8,1,False,-1,0,,,,,,,,,True,True,True,approve,True,268,"<img src=https://nft.hedgey.finance/fantom/0xb75b8dac018f36cdc1e16042bb598c99885ecbf9/268.png width=""100"">",1,Common,1462.0,105.28350615179863,2.3396334700399697
328500,0xb75b8dac018f36cdc1e16042bb598c99885ecbf9,27,1,0x00ab97c782c661fb3d08c96dce06176938101211,0xbb690446bd4752f441a24e11c2126947e760e5a2,True,1668992666,2022-12-07,False,False,False,True,0,0x0000000000000000000000000000000000000000,0,0x0000000000000000000000000000000000000000,1,0,0,True,70.0,True,False,3,0,0x0000000000000000000000000000000000000000,0,,,,,,,,,True,1,1,50,approve,True,True,70000000000000000000,328500,False,0xb75b8dac018f36cdc1e16042bb598c99885ecbf9,26,1660832330,True,0xb73d876f53b667e1d7e397f300c524f2da783c63,0x283490755e5d7a65c3f4c79320b184ef6bac8b8e,1,False,-1,0,,,,,,,,,True,True,True,approve,True,27,"<img src=https://nft.hedgey.finance/fantom/0xb75b8dac018f36cdc1e16042bb598c99885ecbf9/27.png width=""100"">",Treasure,Treasure,1299.0,121.3999290261323,1.7342847003733186
331475,0xb75b8dac018f36cdc1e16042bb598c99885ecbf9,1113,1,0xb0fabe3bcac50f065dbf68c0b271118ddc005402,,True,1670814740,2022-12-12,False,False,False,True,0,0x0000000000000000000000000000000000000000,0,0x0000000000000000000000000000000000000000,1,0,0,True,65.0,True,False,3,0,0x0000000000000000000000000000000000000000,0,,,,,,,,,True,1,1,51,approve,True,True,65000000000000000000,331475,False,0xb75b8dac018f36cdc1e16042bb598c99885ecbf9,1112,1669751867,True,0xb0fabe3bcac50f065dbf68c0b271118ddc005402,0x056d952f9273b2c10a473cd8088bdfa355b10b6d,1,False,-1,0,,,,,,,,,True,True,True,approve,True,1113,"<img src=https://nft.hedgey.finance/fantom/0xb75b8dac018f36cdc1e16042bb598c99885ecbf9/1113.png width=""100"">",4,Story,609.0,162.80219981781107,2.504649227966324
331484,0xb75b8dac018f36cdc1e16042bb598c99885ecbf9,76,1,0xb0fabe3bcac50f065dbf68c0b271118ddc005402,,True,1670814740,2022-12-12,False,False,False,True,0,0x0000000000000000000000000000000000000000,0,0x0000000000000000000000000000000000000000,1,0,0,True,60.0,True,False,3,0,0x0000000000000000000000000000000000000000,0,,,,,,,,,True,1,1,52,approve,True,True,60000000000000000000,331484,False,0xb75b8dac018f36cdc1e16042bb598c99885ecbf9,75,1660832885,True,0xb73d876f53b667e1d7e397f300c524f2da783c63,0x056d952f9273b2c10a473cd8088bdfa355b10b6d,1,False,-1,0,,,,,,,,,True,True,True,approve,True,76,"<img src=https://nft.hedgey.finance/fantom/0xb75b8dac018f36cdc1e16042bb598c99885ecbf9/76.png width=""100"">",Treasure,Treasure,602.0,163.1680827777322,2.7194680462955367
331477,0xb75b8dac018f36cdc1e16042bb598c99885ecbf9,1110,1,0xb0fabe3bcac50f065dbf68c0b271118ddc005402,,True,1670814740,2022-12-13,False,False,False,True,0,0x0000000000000000000000000000000000000000,0,0x0000000000000000000000000000000000000000,1,0,0,True,50.0,True,False,3,0,0x0000000000000000000000000000000000000000,0,,,,,,,,,True,1,1,53,approve,True,True,50000000000000000000,331477,False,0xb75b8dac018f36cdc1e16042bb598c99885ecbf9,1109,1669751867,True,0xb0fabe3bcac50f065dbf68c0b271118ddc005402,0x283490755e5d7a65c3f4c79320b184ef6bac8b8e,1,False,-1,0,,,,,,,,,True,True,True,approve,True,1110,"<img src=https://nft.hedgey.finance/fantom/0xb75b8dac018f36cdc1e16042bb598c99885ecbf9/1110.png width=""100"">",4,Common,856.0,146.93515984543853,2.9387031969087705
331479,0xb75b8dac018f36cdc1e16042bb598c99885ecbf9,1105,1,0xb0fabe3bcac50f065dbf68c0b271118ddc005402,,True,1670814740,2022-12-13,False,False,False,True,0,0x0000000000000000000000000000000000000000,0,0x0000000000000000000000000000000000000000,1,0,0,True,60.0,True,False,3,0,0x0000000000000000000000000000000000000000,0,,,,,,,,,True,1,1,54,approve,True,True,60000000000000000000,331479,False,0xb75b8dac018f36cdc1e16042bb598c99885ecbf9,1104,1669751867,True,0xb0fabe3bcac50f065dbf68c0b271118ddc005402,0x283490755e5d7a65c3f4c79320b184ef6bac8b8e,1,False,-1,0,,,,,,,,,True,True,True,approve,True,1105,"<img src=https://nft.hedgey.finance/fantom/0xb75b8dac018f36cdc1e16042bb598c99885ecbf9/1105.png width=""100"">",4,Common,480.0,173.90528940772282,2.8984214901287135
331481,0xb75b8dac018f36cdc1e16042bb598c99885ecbf9,1108,1,0xb0fabe3bcac50f065dbf68c0b271118ddc005402,,True,1670814740,2022-12-13,False,False,False,True,0,0x0000000000000000000000000000000000000000,0,0x0000000000000000000000000000000000000000,1,0,0,True,55.0,True,False,3,0,0x0000000000000000000000000000000000000000,0,,,,,,,,,True,1,1,55,approve,True,True,55000000000000000000,331481,False,0xb75b8dac018f36cdc1e16042bb598c99885ecbf9,1107,1669751867,True,0xb0fabe3bcac50f065dbf68c0b271118ddc005402,0x283490755e5d7a65c3f4c79320b184ef6bac8b8e,1,True,331885,102430000000000000000,,,,,,,,,True,True,True,approve,True,1108,"<img src=https://nft.hedgey.finance/fantom/0xb75b8dac018f36cdc1e16042bb598c99885ecbf9/1108.png width=""100"">",4,Common,407.0,180.8897941705729,3.288905348555871
331478,0xb75b8dac018f36cdc1e16042bb598c99885ecbf9,1107,1,0xb0fabe3bcac50f065dbf68c0b271118ddc005402,,True,1670814740,2022-12-13,False,False,False,True,0,0x0000000000000000000000000000000000000000,0,0x0000000000000000000000000000000000000000,1,0,0,True,50.0,True,False,3,0,0x0000000000000000000000000000000000000000,0,,,,,,,,,True,1,1,56,approve,True,True,50000000000000000000,331478,False,0xb75b8dac018f36cdc1e16042bb598c99885ecbf9,1106,1669751867,True,0xb0fabe3bcac50f065dbf68c0b271118ddc005402,0x794e8b5e27119ad17966d8737a6f59f924c7c6f3,1,False,-1,0,,,,,,,,,True,True,True,approve,True,1107,"<img src=https://nft.hedgey.finance/fantom/0xb75b8dac018f36cdc1e16042bb598c99885ecbf9/1107.png width=""100"">",4,Common,1242.0,124.91905191769224,2.4983810383538447
330564,0xb75b8dac018f36cdc1e16042bb598c99885ecbf9,1098,1,0x66d870f9a9fc9fffa72d0935ea5d7d3b51b7b665,,True,1670326408,2022-12-13,False,False,False,True,0,0x0000000000000000000000000000000000000000,0,0x0000000000000000000000000000000000000000,1,0,0,True,55.0,True,False,3,0,0x0000000000000000000000000000000000000000,0,,,,,,,,,True,1,1,57,approve,True,True,55000000000000000000,330564,False,0xb75b8dac018f36cdc1e16042bb598c99885ecbf9,1097,1669731292,True,0x66d870f9a9fc9fffa72d0935ea5d7d3b51b7b665,0xd3d20f2d89922311f87cd954691102f475833770,1,False,-1,0,,,,,,,,,True,True,True,approve,True,1098,"<img src=https://nft.hedgey.finance/fantom/0xb75b8dac018f36cdc1e16042bb598c99885ecbf9/1098.png width=""100"">",4,Common,1083.0,133.60665999814995,2.4292119999663626
330560,0xb75b8dac018f36cdc1e16042bb598c99885ecbf9,1101,1,0x66d870f9a9fc9fffa72d0935ea5d7d3b51b7b665,,True,1670324795,2022-12-22,False,False,False,True,0,0x0000000000000000000000000000000000000000,0,0x0000000000000000000000000000000000000000,1,0,0,True,55.0,True,False,3,0,0x0000000000000000000000000000000000000000,0,,,,,,,,,True,1,1,58,approve,True,True,55000000000000000000,330560,False,0xb75b8dac018f36cdc1e16042bb598c99885ecbf9,1100,1669731292,True,0x66d870f9a9fc9fffa72d0935ea5d7d3b51b7b665,0xa3f6bb2a94349886e52238b027eec751cfb672f3,1,False,-1,0,,,,,,,,,True,True,True,approve,True,1101,"<img src=https://nft.hedgey.finance/fantom/0xb75b8dac018f36cdc1e16042bb598c99885ecbf9/1101.png width=""100"">",4,Common,1153.0,129.98011790426253,2.3632748709865914
330561,0xb75b8dac018f36cdc1e16042bb598c99885ecbf9,1096,1,0x66d870f9a9fc9fffa72d0935ea5d7d3b51b7b665,,True,1670324900,2022-12-22,False,False,False,True,0,0x0000000000000000000000000000000000000000,0,0x0000000000000000000000000000000000000000,1,0,0,True,55.0,True,False,3,0,0x0000000000000000000000000000000000000000,0,,,,,,,,,True,1,1,59,approve,True,True,55000000000000000000,330561,False,0xb75b8dac018f36cdc1e16042bb598c99885ecbf9,1095,1669731292,True,0x66d870f9a9fc9fffa72d0935ea5d7d3b51b7b665,0xa3f6bb2a94349886e52238b027eec751cfb672f3,1,False,-1,0,,,,,,,,,True,True,True,approve,True,1096,"<img src=https://nft.hedgey.finance/fantom/0xb75b8dac018f36cdc1e16042bb598c99885ecbf9/1096.png width=""100"">",4,Common,940.0,142.2534466477552,2.586426302686458
330562,0xb75b8dac018f36cdc1e16042bb598c99885ecbf9,1100,1,0x66d870f9a9fc9fffa72d0935ea5d7d3b51b7b665,0x5ad4bcb90803a8e5bf68b572ec006254ed1c4072,True,1670324995,2022-12-25,False,False,False,True,0,0x0000000000000000000000000000000000000000,0,0x0000000000000000000000000000000000000000,1,0,0,True,55.0,True,False,3,0,0x0000000000000000000000000000000000000000,0,,,,,,,,,True,1,1,60,approve,True,True,55000000000000000000,330562,False,0xb75b8dac018f36cdc1e16042bb598c99885ecbf9,1099,1669731292,True,0x66d870f9a9fc9fffa72d0935ea5d7d3b51b7b665,0xf2e4a05cbae83fb3173becee7a31686e8a6ae3ce,1,False,-1,0,,,,,,,,,True,True,True,approve,True,1100,"<img src=https://nft.hedgey.finance/fantom/0xb75b8dac018f36cdc1e16042bb598c99885ecbf9/1100.png width=""100"">",4,Common,1330.0,118.95215646893502,2.162766481253364
329668,0xb75b8dac018f36cdc1e16042bb598c99885ecbf9,437,1,0xeab8e50f305c3b97aa5eb818e09a59124c357b91,0xaa60c546a38d02d9f240a8924b7624b43fee59fd,True,1669673915,2022-12-25,False,False,False,True,0,0x0000000000000000000000000000000000000000,0,0x0000000000000000000000000000000000000000,1,0,0,True,54.0,True,False,3,0,0x0000000000000000000000000000000000000000,0,,,,,,,,,True,1,1,61,approve,True,True,54000000000000000000,329668,False,0xb75b8dac018f36cdc1e16042bb598c99885ecbf9,436,1662837682,True,0xfa7c11e9e2d4fcd0f4646515a17289f5892a40b7,0xf2e4a05cbae83fb3173becee7a31686e8a6ae3ce,1,False,-1,0,,,,,,,,,True,True,True,approve,True,437,"<img src=https://nft.hedgey.finance/fantom/0xb75b8dac018f36cdc1e16042bb598c99885ecbf9/437.png width=""100"">",2,Common,1007.0,137.6874238974487,2.549767109212013
332858,0xb75b8dac018f36cdc1e16042bb598c99885ecbf9,340,1,0x99f85fd40ffba9064361dd43f319634ff6ecbad9,0x0d710dce44266c65d384a0d57775e6749dcaa185,True,1671650102,2022-12-25,False,False,False,True,0,0x0000000000000000000000000000000000000000,0,0x0000000000000000000000000000000000000000,1,0,0,True,50.0,True,False,3,0,0x0000000000000000000000000000000000000000,0,,,,,,,,,True,1,1,62,approve,True,True,50000000000000000000,332858,False,0xb75b8dac018f36cdc1e16042bb598c99885ecbf9,339,1661994639,True,0xc9743a1aebb466b2ff66efb8c1896e8825cd3644,0xf2e4a05cbae83fb3173becee7a31686e8a6ae3ce,1,False,-1,0,,,,,,,,,True,True,True,approve,True,340,"<img src=https://nft.hedgey.finance/fantom/0xb75b8dac018f36cdc1e16042bb598c99885ecbf9/340.png width=""100"">",1,Common,1133.0,130.69708105035676,2.613941621007135
320787,0xb75b8dac018f36cdc1e16042bb598c99885ecbf9,470,1,0x87895273f5ea2782c9a446cf5eb0555368b80505,,True,1665060537,2022-12-25,False,False,False,True,0,0x0000000000000000000000000000000000000000,0,0x0000000000000000000000000000000000000000,1,0,0,True,55.0,True,False,3,0,0x0000000000000000000000000000000000000000,0,,,,,,,,,True,1,1,63,approve,True,True,55000000000000000000,320787,False,0xb75b8dac018f36cdc1e16042bb598c99885ecbf9,469,1662837902,True,0xfa7c11e9e2d4fcd0f4646515a17289f5892a40b7,0xf2e4a05cbae83fb3173becee7a31686e8a6ae3ce,1,False,-1,0,,,,,,,,,True,True,True,approve,True,470,"<img src=https://nft.hedgey.finance/fantom/0xb75b8dac018f36cdc1e16042bb598c99885ecbf9/470.png width=""100"">",2,Common,1444.0,107.64854831569882,1.9572463330127057
331824,0xb75b8dac018f36cdc1e16042bb598c99885ecbf9,526,1,0xe9db81a85fdc1f28239bdca8d3054ad39f44a8d5,,True,1671060328,2022-12-26,False,False,False,True,0,0x0000000000000000000000000000000000000000,0,0x0000000000000000000000000000000000000000,1,0,0,True,60.0,True,False,3,0,0x0000000000000000000000000000000000000000,0,,,,,,,,,True,1,1,64,approve,True,True,60000000000000000000,331824,False,0xb75b8dac018f36cdc1e16042bb598c99885ecbf9,525,1662840593,True,0xfa7c11e9e2d4fcd0f4646515a17289f5892a40b7,0xf2e4a05cbae83fb3173becee7a31686e8a6ae3ce,1,False,-1,0,,,,,,,,,True,True,True,approve,True,526,"<img src=https://nft.hedgey.finance/fantom/0xb75b8dac018f36cdc1e16042bb598c99885ecbf9/526.png width=""100"">",2,Common,1080.0,133.7779055695355,2.2296317594922583
330574,0xb75b8dac018f36cdc1e16042bb598c99885ecbf9,210,1,0x283490755e5d7a65c3f4c79320b184ef6bac8b8e,,True,1670339394,2022-12-28,False,False,False,True,0,0x0000000000000000000000000000000000000000,0,0x0000000000000000000000000000000000000000,1,0,0,True,77.71,True,False,3,0,0x0000000000000000000000000000000000000000,0,,,,,,,,,True,1,1,65,approve,True,True,77710000000000000000,330574,False,0xb75b8dac018f36cdc1e16042bb598c99885ecbf9,209,1661529480,True,0xfa7c11e9e2d4fcd0f4646515a17289f5892a40b7,0xb30859a7e17e51b0bd34dcdc907b908e3f5f08ba,1,False,-1,0,,,,,,,,,True,True,True,approve,True,210,"<img src=https://nft.hedgey.finance/fantom/0xb75b8dac018f36cdc1e16042bb598c99885ecbf9/210.png width=""100"">",1,Common,1210.0,126.86602261356065,1.6325572334778105
329249,0xb75b8dac018f36cdc1e16042bb598c99885ecbf9,101,1,0x7749876413881f2abf4a196a01bf5c0e49958bae,,True,1669419819,2022-12-28,False,False,False,True,0,0x0000000000000000000000000000000000000000,0,0x0000000000000000000000000000000000000000,1,0,0,True,200.0,True,False,3,0,0x0000000000000000000000000000000000000000,0,,,,,,,,,True,1,1,66,approve,True,True,200000000000000000000,329249,False,0xb75b8dac018f36cdc1e16042bb598c99885ecbf9,100,1660833153,True,0xb73d876f53b667e1d7e397f300c524f2da783c63,0xb7ee483080b3b1a82e24b3c80d94c5c1f536fdb7,1,False,-1,0,,,,,,,,,True,True,True,approve,True,101,"<img src=https://nft.hedgey.finance/fantom/0xb75b8dac018f36cdc1e16042bb598c99885ecbf9/101.png width=""100"">",Treasure,Treasure,736.0,153.72099832895802,0.7686049916447901
331851,0xb75b8dac018f36cdc1e16042bb598c99885ecbf9,752,1,0x88b8073739f867126c96f392512ddb34ef3a350e,,True,1671086704,2022-12-29,False,False,False,True,0,0x0000000000000000000000000000000000000000,0,0x0000000000000000000000000000000000000000,1,0,0,True,50.0,True,False,3,0,0x0000000000000000000000000000000000000000,0,,,,,,,,,True,1,1,67,approve,True,True,50000000000000000000,331851,False,0xb75b8dac018f36cdc1e16042bb598c99885ecbf9,751,1664703829,True,0xfa7c11e9e2d4fcd0f4646515a17289f5892a40b7,0x763f2265c36fa1925d0fe57bf1e3a18f28972837,1,False,-1,0,,,,,,,,,True,True,True,approve,True,752,"<img src=https://nft.hedgey.finance/fantom/0xb75b8dac018f36cdc1e16042bb598c99885ecbf9/752.png width=""100"">",3,Common,1220.0,126.2971819930654,2.5259436398613078
329811,0xb75b8dac018f36cdc1e16042bb598c99885ecbf9,691,1,0x283490755e5d7a65c3f4c79320b184ef6bac8b8e,,True,1669731918,2023-01-02,False,False,False,True,0,0x0000000000000000000000000000000000000000,0,0x0000000000000000000000000000000000000000,1,0,0,True,55.0,True,False,3,0,0x0000000000000000000000000000000000000000,0,,,,,,,,,True,1,1,68,approve,True,True,55000000000000000000,329811,False,0xb75b8dac018f36cdc1e16042bb598c99885ecbf9,690,1664654797,True,0xe66b9c6b6363195e75f806bf5519e578f02114ce,0xe3fc8281bc7d1b78e67c2197b979849ed769edfa,1,False,-1,0,,,,,,,,,True,True,True,approve,True,691,"<img src=https://nft.hedgey.finance/fantom/0xb75b8dac018f36cdc1e16042bb598c99885ecbf9/691.png width=""100"">",3,Common,1483.0,102.04498204717886,1.8553633099487066
330563,0xb75b8dac018f36cdc1e16042bb598c99885ecbf9,1095,1,0x66d870f9a9fc9fffa72d0935ea5d7d3b51b7b665,,True,1670326327,2023-01-02,False,False,False,True,0,0x0000000000000000000000000000000000000000,0,0x0000000000000000000000000000000000000000,1,0,0,True,55.0,True,False,3,0,0x0000000000000000000000000000000000000000,0,,,,,,,,,True,1,1,69,approve,True,True,55000000000000000000,330563,False,0xb75b8dac018f36cdc1e16042bb598c99885ecbf9,1094,1669731292,True,0x66d870f9a9fc9fffa72d0935ea5d7d3b51b7b665,0xe3fc8281bc7d1b78e67c2197b979849ed769edfa,1,False,-1,0,,,,,,,,,True,True,True,approve,True,1095,"<img src=https://nft.hedgey.finance/fantom/0xb75b8dac018f36cdc1e16042bb598c99885ecbf9/1095.png width=""100"">",4,Common,1258.0,123.9149727286401,2.2529995041570925
330572,0xb75b8dac018f36cdc1e16042bb598c99885ecbf9,429,1,0x283490755e5d7a65c3f4c79320b184ef6bac8b8e,,True,1670338025,2023-01-02,False,False,False,True,0,0x0000000000000000000000000000000000000000,0,0x0000000000000000000000000000000000000000,1,0,0,True,63.33,True,False,3,0,0x0000000000000000000000000000000000000000,0,,,,,,,,,True,1,1,70,approve,True,True,63330000000000000000,330572,False,0xb75b8dac018f36cdc1e16042bb598c99885ecbf9,428,1662836802,True,0xe66b9c6b6363195e75f806bf5519e578f02114ce,0xe3fc8281bc7d1b78e67c2197b979849ed769edfa,1,False,-1,0,,,,,,,,,True,True,True,approve,True,429,"<img src=https://nft.hedgey.finance/fantom/0xb75b8dac018f36cdc1e16042bb598c99885ecbf9/429.png width=""100"">",2,Common,1434.0,109.37361746552403,1.7270427517057325
330576,0xb75b8dac018f36cdc1e16042bb598c99885ecbf9,398,1,0x283490755e5d7a65c3f4c79320b184ef6bac8b8e,,True,1670339560,2023-01-02,False,False,False,True,0,0x0000000000000000000000000000000000000000,0,0x0000000000000000000000000000000000000000,1,0,0,True,78.69,True,False,3,0,0x0000000000000000000000000000000000000000,0,,,,,,,,,True,1,1,71,approve,True,True,78690000000000000000,330576,False,0xb75b8dac018f36cdc1e16042bb598c99885ecbf9,397,1662067224,True,0x283490755e5d7a65c3f4c79320b184ef6bac8b8e,0xe3fc8281bc7d1b78e67c2197b979849ed769edfa,1,False,-1,0,,,,,,,,,True,True,True,approve,True,398,"<img src=https://nft.hedgey.finance/fantom/0xb75b8dac018f36cdc1e16042bb598c99885ecbf9/398.png width=""100"">",1,Common,1321.0,119.77866796965988,1.522158698305501
335503,0xb75b8dac018f36cdc1e16042bb598c99885ecbf9,1111,1,0xb0fabe3bcac50f065dbf68c0b271118ddc005402,,True,1672860421,2023-01-05,False,False,False,True,0,0x0000000000000000000000000000000000000000,0,0x0000000000000000000000000000000000000000,1,0,0,True,125.0,True,False,3,0,0x0000000000000000000000000000000000000000,0,,,,,,,,,True,1,1,72,approve,True,True,125000000000000000000,335503,False,0xb75b8dac018f36cdc1e16042bb598c99885ecbf9,1110,1669751867,True,0xb0fabe3bcac50f065dbf68c0b271118ddc005402,0x056d952f9273b2c10a473cd8088bdfa355b10b6d,1,False,-1,0,,,,,,,,,True,True,True,approve,True,1111,"<img src=https://nft.hedgey.finance/fantom/0xb75b8dac018f36cdc1e16042bb598c99885ecbf9/1111.png width=""100"">",4,Story,46.0,278.2604393252644,2.226083514602115
335510,0xb75b8dac018f36cdc1e16042bb598c99885ecbf9,533,1,0xb0fabe3bcac50f065dbf68c0b271118ddc005402,,True,1672860443,2023-01-05,False,False,False,True,0,0x0000000000000000000000000000000000000000,0,0x0000000000000000000000000000000000000000,1,0,0,True,75.0,True,False,3,0,0x0000000000000000000000000000000000000000,0,,,,,,,,,True,1,1,73,approve,True,True,75000000000000000000,335510,False,0xb75b8dac018f36cdc1e16042bb598c99885ecbf9,532,1662840635,True,0xb0fabe3bcac50f065dbf68c0b271118ddc005402,0x056d952f9273b2c10a473cd8088bdfa355b10b6d,1,False,-1,0,,,,,,,,,True,True,True,approve,True,533,"<img src=https://nft.hedgey.finance/fantom/0xb75b8dac018f36cdc1e16042bb598c99885ecbf9/533.png width=""100"">",2,Story,121.0,232.9085095484953,3.105446793979937
336537,0xb75b8dac018f36cdc1e16042bb598c99885ecbf9,1173,1,0xa72e1756426100c6207421471449e2ba9a917e86,0x44cb7286b3727a80016f3eb51c41e56bea58a3d6,True,1673200953,2023-01-09,False,False,False,True,0,0x0000000000000000000000000000000000000000,0,0x0000000000000000000000000000000000000000,1,0,0,True,55.0,True,False,3,0,0x0000000000000000000000000000000000000000,0,,,,,,,,,True,1,1,74,approve,True,True,55000000000000000000,336537,False,0xb75b8dac018f36cdc1e16042bb598c99885ecbf9,1172,1670535670,True,0xfa7c11e9e2d4fcd0f4646515a17289f5892a40b7,0x283490755e5d7a65c3f4c79320b184ef6bac8b8e,1,False,-1,0,,,,,,,,,True,True,True,approve,True,1173,"<img src=https://nft.hedgey.finance/fantom/0xb75b8dac018f36cdc1e16042bb598c99885ecbf9/1173.png width=""100"">",4,Common,538.0,169.267570725016,3.0775921950002907
335500,0xb75b8dac018f36cdc1e16042bb598c99885ecbf9,1026,1,0xb0fabe3bcac50f065dbf68c0b271118ddc005402,,True,1672860421,2023-01-09,False,False,False,True,0,0x0000000000000000000000000000000000000000,0,0x0000000000000000000000000000000000000000,1,0,0,True,56.0,True,False,3,0,0x0000000000000000000000000000000000000000,0,,,,,,,,,True,1,1,75,approve,True,True,56000000000000000000,335500,False,0xb75b8dac018f36cdc1e16042bb598c99885ecbf9,1025,1669568860,True,0xfa7c11e9e2d4fcd0f4646515a17289f5892a40b7,0x283490755e5d7a65c3f4c79320b184ef6bac8b8e,1,False,-1,0,,,,,,,,,True,True,True,approve,True,1026,"<img src=https://nft.hedgey.finance/fantom/0xb75b8dac018f36cdc1e16042bb598c99885ecbf9/1026.png width=""100"">",4,Common,552.0,168.3333524025596,3.0059527214742787
337340,0xb75b8dac018f36cdc1e16042bb598c99885ecbf9,351,1,0xc60f8ebac5206c16638d6f8aa7a5e000aa8a5489,,True,1673565674,2023-01-25,False,False,False,True,0,0x0000000000000000000000000000000000000000,0,0x0000000000000000000000000000000000000000,1,0,0,True,50.0,True,False,3,0,0x0000000000000000000000000000000000000000,0,,,,,,,,,True,1,1,76,approve,True,True,50000000000000000000,337340,False,0xb75b8dac018f36cdc1e16042bb598c99885ecbf9,350,1662061903,True,0xfa7c11e9e2d4fcd0f4646515a17289f5892a40b7,0xf8a11b6792878ac820abfc0c26ba585e9b3745e3,1,False,-1,0,,,,,,,,,True,True,True,approve,True,351,"<img src=https://nft.hedgey.finance/fantom/0xb75b8dac018f36cdc1e16042bb598c99885ecbf9/351.png width=""100"">",1,Common,1274.0,123.08109751848735,2.461621950369747
330158,0xb75b8dac018f36cdc1e16042bb598c99885ecbf9,883,1,0xa6a8e0d428cf40b2c1e4c31543495550dbeaaca4,,True,1669886773,2023-01-26,False,False,False,True,0,0x0000000000000000000000000000000000000000,0,0x0000000000000000000000000000000000000000,1,0,0,True,59.0,True,False,3,0,0x0000000000000000000000000000000000000000,0,,,,,,,,,True,1,1,77,approve,True,True,59000000000000000000,330158,False,0xb75b8dac018f36cdc1e16042bb598c99885ecbf9,882,1665370168,True,0x9950dd62617f6123551aa61de4a31a0dee02a4e9,0x74ae37b023f411ff80f3a98d1f4680f38f029e57,1,False,-1,0,,,,,,,,,True,True,True,approve,True,883,"<img src=https://nft.hedgey.finance/fantom/0xb75b8dac018f36cdc1e16042bb598c99885ecbf9/883.png width=""100"">",3,Common,768.0,152.19227038157274,2.5795300064673348
345086,0xb75b8dac018f36cdc1e16042bb598c99885ecbf9,329,1,0x6bd3b05516cd794ff8ae28648fcdfc930c1abc42,0x8583187fc8c141b84d68e4fefe137c9441957ee4,True,1675868675,2023-02-09,False,False,False,True,0,0x0000000000000000000000000000000000000000,0,0x0000000000000000000000000000000000000000,1,0,0,True,25.0,True,False,3,0,0x0000000000000000000000000000000000000000,0,,,,,,,,,True,1,1,78,approve,True,True,25000000000000000000,345086,False,0xb75b8dac018f36cdc1e16042bb598c99885ecbf9,328,1661898832,True,0x6bd3b05516cd794ff8ae28648fcdfc930c1abc42,0x056d952f9273b2c10a473cd8088bdfa355b10b6d,1,False,-1,0,,,,,,,,,True,True,True,approve,True,329,"<img src=https://nft.hedgey.finance/fantom/0xb75b8dac018f36cdc1e16042bb598c99885ecbf9/329.png width=""100"">",1,Common,1165.0,129.28922580835976,5.17156903233439
345381,0xb75b8dac018f36cdc1e16042bb598c99885ecbf9,238,1,0xd142ab6d8e7b3c7b2efbda250158cfa2b8680d63,0x7edad997bdea1969f3d89f8629872b5a3dca1e79,True,1676010409,2023-02-15,False,False,False,True,0,0x0000000000000000000000000000000000000000,0,0x0000000000000000000000000000000000000000,1,0,0,True,20.0,True,False,3,0,0x0000000000000000000000000000000000000000,0,,,,,,,,,True,1,1,79,approve,True,True,20000000000000000000,345381,False,0xb75b8dac018f36cdc1e16042bb598c99885ecbf9,237,1661538289,True,0xd142ab6d8e7b3c7b2efbda250158cfa2b8680d63,0xf8a11b6792878ac820abfc0c26ba585e9b3745e3,1,False,-1,0,,,,,,,,,True,True,True,approve,True,238,"<img src=https://nft.hedgey.finance/fantom/0xb75b8dac018f36cdc1e16042bb598c99885ecbf9/238.png width=""100"">",1,Common,1412.0,112.25827607150708,5.6129138035753545
345220,0xb75b8dac018f36cdc1e16042bb598c99885ecbf9,110,1,0xb2cd50531bdaa4dd53c7451d697666483a402fb3,0x1ac298b8bf2c2e4462b9027c31bb264270b2e5bb,True,1675938641,2023-02-15,False,False,False,True,0,0x0000000000000000000000000000000000000000,0,0x0000000000000000000000000000000000000000,1,0,0,True,32.0,True,False,3,0,0x0000000000000000000000000000000000000000,0,,,,,,,,,True,1,1,80,approve,True,True,32000000000000000000,345220,False,0xb75b8dac018f36cdc1e16042bb598c99885ecbf9,109,1660833153,True,0xb73d876f53b667e1d7e397f300c524f2da783c63,0xf8a11b6792878ac820abfc0c26ba585e9b3745e3,1,False,-1,0,,,,,,,,,True,True,True,approve,True,110,"<img src=https://nft.hedgey.finance/fantom/0xb75b8dac018f36cdc1e16042bb598c99885ecbf9/110.png width=""100"">",Treasure,Treasure,1209.0,126.98025832480602,3.968133072650188
330159,0xb75b8dac018f36cdc1e16042bb598c99885ecbf9,445,1,0xa6a8e0d428cf40b2c1e4c31543495550dbeaaca4,,True,1669886827,2023-02-15,False,False,False,True,0,0x0000000000000000000000000000000000000000,0,0x0000000000000000000000000000000000000000,1,0,0,True,34.0,True,False,3,0,0x0000000000000000000000000000000000000000,0,,,,,,,,,True,1,1,81,approve,True,True,34000000000000000000,330159,False,0xb75b8dac018f36cdc1e16042bb598c99885ecbf9,444,1662837717,True,0xfa7c11e9e2d4fcd0f4646515a17289f5892a40b7,0xf8a11b6792878ac820abfc0c26ba585e9b3745e3,1,False,-1,0,,,,,,,,,True,True,True,approve,True,445,"<img src=https://nft.hedgey.finance/fantom/0xb75b8dac018f36cdc1e16042bb598c99885ecbf9/445.png width=""100"">",2,Common,945.0,141.73219733709445,4.168594039326307
330157,0xb75b8dac018f36cdc1e16042bb598c99885ecbf9,770,1,0xa6a8e0d428cf40b2c1e4c31543495550dbeaaca4,,True,1669886728,2023-02-15,False,False,False,True,0,0x0000000000000000000000000000000000000000,0,0x0000000000000000000000000000000000000000,1,0,0,True,34.0,True,False,3,0,0x0000000000000000000000000000000000000000,0,,,,,,,,,True,1,1,82,approve,True,True,34000000000000000000,330157,False,0xb75b8dac018f36cdc1e16042bb598c99885ecbf9,769,1664703867,True,0xfa7c11e9e2d4fcd0f4646515a17289f5892a40b7,0xf8a11b6792878ac820abfc0c26ba585e9b3745e3,1,False,-1,0,,,,,,,,,True,True,True,approve,True,770,"<img src=https://nft.hedgey.finance/fantom/0xb75b8dac018f36cdc1e16042bb598c99885ecbf9/770.png width=""100"">",3,Common,1358.0,117.07635887411774,3.4434223198269924
342735,0xb75b8dac018f36cdc1e16042bb598c99885ecbf9,1165,1,0xfe297522323db0dfbe9b2889bd7a9f2e607120b9,0x7503bcff15217f7abb6829ab59483600446b179b,True,1675408239,2023-02-23,False,False,False,True,0,0x0000000000000000000000000000000000000000,0,0x0000000000000000000000000000000000000000,1,0,0,True,40.0,True,False,3,0,0x0000000000000000000000000000000000000000,0,,,,,,,,,True,1,1,83,approve,True,True,40000000000000000000,342735,False,0xb75b8dac018f36cdc1e16042bb598c99885ecbf9,1164,1670535491,True,0xfa7c11e9e2d4fcd0f4646515a17289f5892a40b7,0x79939118ef2af99e20310ecc5ccc0e9697d390fc,1,False,-1,0,,,,,,,,,True,True,True,approve,True,1165,"<img src=https://nft.hedgey.finance/fantom/0xb75b8dac018f36cdc1e16042bb598c99885ecbf9/1165.png width=""100"">",4,Common,1241.0,124.92954587939488,3.123238646984872
352527,0xb75b8dac018f36cdc1e16042bb598c99885ecbf9,1217,1,0xa93f35622834ae91c4044e4b006fdb4f7178d5b5,0xe56f55aa8e165801594e283775e52b64f995ce0f,True,1677435934,2023-03-05,False,False,False,True,0,0x0000000000000000000000000000000000000000,0,0x0000000000000000000000000000000000000000,1,0,0,True,40.0,True,False,3,0,0x0000000000000000000000000000000000000000,0,,,,,,,,,True,1,1,84,approve,True,True,40000000000000000000,352527,False,0xb75b8dac018f36cdc1e16042bb598c99885ecbf9,1216,1670945275,True,0xe66b9c6b6363195e75f806bf5519e578f02114ce,0x9d7e134f41108af752615c4364cf5abf1153ef87,1,False,-1,0,,,,,,,,,True,True,True,approve,True,1217,"<img src=https://nft.hedgey.finance/fantom/0xb75b8dac018f36cdc1e16042bb598c99885ecbf9/1217.png width=""100"">",4,Common,1403.0,113.1698629095032,2.82924657273758
330160,0xb75b8dac018f36cdc1e16042bb598c99885ecbf9,921,1,0xa6a8e0d428cf40b2c1e4c31543495550dbeaaca4,,True,1669886895,2023-03-05,False,False,False,True,0,0x0000000000000000000000000000000000000000,0,0x0000000000000000000000000000000000000000,1,0,0,True,45.0,True,False,3,0,0x0000000000000000000000000000000000000000,0,,,,,,,,,True,1,1,85,approve,True,True,45000000000000000000,330160,False,0xb75b8dac018f36cdc1e16042bb598c99885ecbf9,920,1666038512,True,0xfa7c11e9e2d4fcd0f4646515a17289f5892a40b7,0xd27bfa0bb69bd04cb869660b2ef97acf0ee3a707,1,False,-1,0,,,,,,,,,True,True,True,approve,True,921,"<img src=https://nft.hedgey.finance/fantom/0xb75b8dac018f36cdc1e16042bb598c99885ecbf9/921.png width=""100"">",3,Common,822.0,148.5947954343629,3.3021065652080646
352962,0xb75b8dac018f36cdc1e16042bb598c99885ecbf9,1248,1,0x7e58672f8a562dd0b4bbe490daba8f9382be147c,0x8f6c13593fd4d7013c568f27f7cf9254c676e545,True,1677531479,2023-03-06,False,False,False,True,0,0x0000000000000000000000000000000000000000,0,0x0000000000000000000000000000000000000000,1,0,0,True,50.0,True,False,3,0,0x0000000000000000000000000000000000000000,0,,,,,,,,,True,1,1,86,approve,True,True,50000000000000000000,352962,False,0xb75b8dac018f36cdc1e16042bb598c99885ecbf9,1247,1673896694,True,0xfa7c11e9e2d4fcd0f4646515a17289f5892a40b7,0x6c485b9cde7c723b42e0432b972bc2dacd8d812c,1,False,-1,0,,,,,,,,,True,True,True,approve,True,1248,"<img src=https://nft.hedgey.finance/fantom/0xb75b8dac018f36cdc1e16042bb598c99885ecbf9/1248.png width=""100"">",5,Common,1437.0,109.1539841177311,2.183079682354622
357144,0xb75b8dac018f36cdc1e16042bb598c99885ecbf9,141,1,0xcd7312fd6aa75ba5feecc39667c9d286f2d01445,0x68108c453b824523618b63979ec86af148bcb776,True,1678725335,2023-03-14,False,False,False,True,0,0x0000000000000000000000000000000000000000,0,0x0000000000000000000000000000000000000000,1,0,0,True,40.0,True,False,3,0,0x0000000000000000000000000000000000000000,0,,,,,,,,,True,1,1,87,approve,True,True,40000000000000000000,357144,False,0xb75b8dac018f36cdc1e16042bb598c99885ecbf9,140,1661526725,True,0xfa7c11e9e2d4fcd0f4646515a17289f5892a40b7,0x0761f062e03fed187060e9c6150c21ba9a64307d,1,False,-1,0,,,,,,,,,True,True,True,approve,True,141,"<img src=https://nft.hedgey.finance/fantom/0xb75b8dac018f36cdc1e16042bb598c99885ecbf9/141.png width=""100"">",1,Common,117.0,233.7155483425164,5.84288870856291
357016,0xb75b8dac018f36cdc1e16042bb598c99885ecbf9,455,1,0xd8b1d41a77f12bb972ead1b4c3503693f1cd0560,,True,1678694282,2023-03-14,False,False,False,True,0,0x0000000000000000000000000000000000000000,0,0x0000000000000000000000000000000000000000,1,0,0,True,45.0,True,False,3,0,0x0000000000000000000000000000000000000000,0,,,,,,,,,True,1,1,88,approve,True,True,45000000000000000000,357016,False,0xb75b8dac018f36cdc1e16042bb598c99885ecbf9,454,1662837748,True,0xfa7c11e9e2d4fcd0f4646515a17289f5892a40b7,0xc018d1beb193e72a467f169259fdc946d1514070,1,False,-1,0,,,,,,,,,True,True,True,approve,True,455,"<img src=https://nft.hedgey.finance/fantom/0xb75b8dac018f36cdc1e16042bb598c99885ecbf9/455.png width=""100"">",2,Common,1442.0,108.50441504032466,2.411209223118326
340564,0xb75b8dac018f36cdc1e16042bb598c99885ecbf9,535,1,0xb5a7d585f498d8cf832a786a02bbd9d77fa1a86b,0x575fa3ddbfeced85c7e8f27fd1888c7046559052,True,1674757784,2023-03-15,False,False,False,True,0,0x0000000000000000000000000000000000000000,0,0x0000000000000000000000000000000000000000,1,0,0,True,45.0,True,False,3,0,0x0000000000000000000000000000000000000000,0,,,,,,,,,True,1,1,89,approve,True,True,45000000000000000000,340564,False,0xb75b8dac018f36cdc1e16042bb598c99885ecbf9,534,1662840635,True,0xb0fabe3bcac50f065dbf68c0b271118ddc005402,0x38daea6f17e4308b0da9647db9ca6d84a3a7e195,1,False,-1,0,,,,,,,,,True,True,True,approve,True,535,"<img src=https://nft.hedgey.finance/fantom/0xb75b8dac018f36cdc1e16042bb598c99885ecbf9/535.png width=""100"">",2,Common,1479.0,102.46562763463596,2.277013947436355
357017,0xb75b8dac018f36cdc1e16042bb598c99885ecbf9,897,1,0xd8b1d41a77f12bb972ead1b4c3503693f1cd0560,,True,1678694282,2023-03-15,False,False,False,True,0,0x0000000000000000000000000000000000000000,0,0x0000000000000000000000000000000000000000,1,0,0,True,45.0,True,False,3,0,0x0000000000000000000000000000000000000000,0,,,,,,,,,True,1,1,90,approve,True,True,45000000000000000000,357017,False,0xb75b8dac018f36cdc1e16042bb598c99885ecbf9,896,1666034712,True,0xfa7c11e9e2d4fcd0f4646515a17289f5892a40b7,0x41b4c6c344ab87a925c602a8f82bac187bd5ec86,1,False,-1,0,,,,,,,,,True,True,True,approve,True,897,"<img src=https://nft.hedgey.finance/fantom/0xb75b8dac018f36cdc1e16042bb598c99885ecbf9/897.png width=""100"">",3,Common,1467.0,104.5587342005278,2.3235274266783956
357683,0xb75b8dac018f36cdc1e16042bb598c99885ecbf9,1097,1,0x66d870f9a9fc9fffa72d0935ea5d7d3b51b7b665,0x5ad4bcb90803a8e5bf68b572ec006254ed1c4072,True,1678872481,2023-04-07,False,False,False,True,0,0x0000000000000000000000000000000000000000,0,0x0000000000000000000000000000000000000000,1,0,0,True,45.0,True,False,3,0,0x0000000000000000000000000000000000000000,0,,,,,,,,,True,1,1,91,approve,True,True,45000000000000000000,357683,False,0xb75b8dac018f36cdc1e16042bb598c99885ecbf9,1096,1669731292,True,0x66d870f9a9fc9fffa72d0935ea5d7d3b51b7b665,0xf8a11b6792878ac820abfc0c26ba585e9b3745e3,1,False,-1,0,,,,,,,,,True,True,True,approve,True,1097,"<img src=https://nft.hedgey.finance/fantom/0xb75b8dac018f36cdc1e16042bb598c99885ecbf9/1097.png width=""100"">",4,Common,782.0,150.97914793597278,3.3550921763549506
349895,0xb75b8dac018f36cdc1e16042bb598c99885ecbf9,1099,1,0x66d870f9a9fc9fffa72d0935ea5d7d3b51b7b665,0x5ad4bcb90803a8e5bf68b572ec006254ed1c4072,True,1676928355,2023-04-24,False,False,False,True,0,0x0000000000000000000000000000000000000000,0,0x0000000000000000000000000000000000000000,1,0,0,True,250.0,True,False,3,0,0x0000000000000000000000000000000000000000,0,,,,,,,,,True,1,1,92,approve,True,True,250000000000000000000,349895,False,0xb75b8dac018f36cdc1e16042bb598c99885ecbf9,1098,1669731292,True,0x66d870f9a9fc9fffa72d0935ea5d7d3b51b7b665,0x756900d000208d3df5cebe2de78ddf209f1e59b3,1,False,-1,0,,,,,,,,,True,True,True,approve,True,1099,"<img src=https://nft.hedgey.finance/fantom/0xb75b8dac018f36cdc1e16042bb598c99885ecbf9/1099.png width=""100"">",4,Story,4.0,368.3334008375775,1.4733336033503102
342622,0xb75b8dac018f36cdc1e16042bb598c99885ecbf9,519,1,0xd3d20f2d89922311f87cd954691102f475833770,,True,1675374094,2023-04-24,False,False,False,True,0,0x0000000000000000000000000000000000000000,0,0x0000000000000000000000000000000000000000,1,0,0,True,60.0,True,False,3,0,0x0000000000000000000000000000000000000000,0,,,,,,,,,True,1,1,93,approve,True,True,60000000000000000000,342622,False,0xb75b8dac018f36cdc1e16042bb598c99885ecbf9,518,1662840569,True,0xfa7c11e9e2d4fcd0f4646515a17289f5892a40b7,0x756900d000208d3df5cebe2de78ddf209f1e59b3,1,False,-1,0,,,,,,,,,True,True,True,approve,True,519,"<img src=https://nft.hedgey.finance/fantom/0xb75b8dac018f36cdc1e16042bb598c99885ecbf9/519.png width=""100"">",2,Common,1010.0,137.1630372118461,2.286050620197435
339073,0xb75b8dac018f36cdc1e16042bb598c99885ecbf9,1145,1,0xa72e1756426100c6207421471449e2ba9a917e86,0x44cb7286b3727a80016f3eb51c41e56bea58a3d6,True,1674244953,2023-04-24,False,False,False,True,0,0x0000000000000000000000000000000000000000,0,0x0000000000000000000000000000000000000000,1,0,0,True,49.0,True,False,3,0,0x0000000000000000000000000000000000000000,0,,,,,,,,,True,1,1,94,approve,True,True,49000000000000000000,339073,False,0xb75b8dac018f36cdc1e16042bb598c99885ecbf9,1144,1670535113,True,0xfa7c11e9e2d4fcd0f4646515a17289f5892a40b7,0x756900d000208d3df5cebe2de78ddf209f1e59b3,1,False,-1,0,,,,,,,,,True,True,True,approve,True,1145,"<img src=https://nft.hedgey.finance/fantom/0xb75b8dac018f36cdc1e16042bb598c99885ecbf9/1145.png width=""100"">",4,Common,760.0,152.5156255087392,3.1125637858926365
361512,0xb75b8dac018f36cdc1e16042bb598c99885ecbf9,376,1,0xed6c6dcd925874dc73516f790014168dff1ffc68,,True,1680737667,2023-04-24,False,False,False,True,0,0x0000000000000000000000000000000000000000,0,0x0000000000000000000000000000000000000000,1,0,0,True,40.0,True,False,3,0,0x0000000000000000000000000000000000000000,0,,,,,,,,,True,1,1,95,approve,True,True,40000000000000000000,361512,False,0xb75b8dac018f36cdc1e16042bb598c99885ecbf9,375,1662064038,True,0x5897eabd827d38a5a8042051b9210bf6802e89d6,0x756900d000208d3df5cebe2de78ddf209f1e59b3,1,False,-1,0,,,,,,,,,True,True,True,approve,True,376,"<img src=https://nft.hedgey.finance/fantom/0xb75b8dac018f36cdc1e16042bb598c99885ecbf9/376.png width=""100"">",1,Common,298.0,194.33843645049544,4.8584609112623856
357684,0xb75b8dac018f36cdc1e16042bb598c99885ecbf9,1001,1,0x66d870f9a9fc9fffa72d0935ea5d7d3b51b7b665,0x5ad4bcb90803a8e5bf68b572ec006254ed1c4072,True,1678872533,2023-04-25,False,False,False,True,0,0x0000000000000000000000000000000000000000,0,0x0000000000000000000000000000000000000000,1,0,0,True,45.0,True,False,3,0,0x0000000000000000000000000000000000000000,0,,,,,,,,,True,1,1,96,approve,True,True,70000000000000000000,365621,False,0xb75b8dac018f36cdc1e16042bb598c99885ecbf9,1000,1669566730,True,0xfa7c11e9e2d4fcd0f4646515a17289f5892a40b7,0xc0c44b69d91ea0b26f5be8afedc18a8cee281ad7,1,False,-1,0,,,,,,,,,True,True,True,approve,True,1001,"<img src=https://nft.hedgey.finance/fantom/0xb75b8dac018f36cdc1e16042bb598c99885ecbf9/1001.png width=""100"">",4,Common,864.0,146.48976476369893,3.2553281058599763
360789,0xb75b8dac018f36cdc1e16042bb598c99885ecbf9,473,1,0x079333a91672f05a5cf2ab38b915fe7e1172596b,0xa6cd08f1d9c698ce1848a2a2a2207f5456b9f83a,True,1680208768,2023-04-27,False,False,False,True,0,0x0000000000000000000000000000000000000000,0,0x0000000000000000000000000000000000000000,1,0,0,True,45.0,True,False,3,0,0x0000000000000000000000000000000000000000,0,,,,,,,,,True,1,1,97,approve,True,True,45000000000000000000,360789,False,0xb75b8dac018f36cdc1e16042bb598c99885ecbf9,472,1662838067,True,0xfa7c11e9e2d4fcd0f4646515a17289f5892a40b7,0xbcc650fbeb69e5088aa1a272713e4a4e254a09e8,1,False,-1,0,,,,,,,,,True,True,True,approve,True,473,"<img src=https://nft.hedgey.finance/fantom/0xb75b8dac018f36cdc1e16042bb598c99885ecbf9/473.png width=""100"">",2,Common,1350.0,117.8640500173,2.619201111495556
342621,0xb75b8dac018f36cdc1e16042bb598c99885ecbf9,679,1,0xd3d20f2d89922311f87cd954691102f475833770,,True,1675374094,2023-04-28,False,False,False,True,0,0x0000000000000000000000000000000000000000,0,0x0000000000000000000000000000000000000000,1,0,0,True,60.0,True,False,3,0,0x0000000000000000000000000000000000000000,0,,,,,,,,,True,1,1,98,approve,True,True,60000000000000000000,342621,False,0xb75b8dac018f36cdc1e16042bb598c99885ecbf9,678,1664654449,True,0xd3d20f2d89922311f87cd954691102f475833770,0xf0fba98ab360ffe9a8c4b3ab77c7d243f4560481,1,False,-1,0,,,,,,,,,True,True,True,approve,True,679,"<img src=https://nft.hedgey.finance/fantom/0xb75b8dac018f36cdc1e16042bb598c99885ecbf9/679.png width=""100"">",3,Common,876.0,145.90968124822373,2.431828020803729
365621,0xb75b8dac018f36cdc1e16042bb598c99885ecbf9,1001,1,0xa8fff77c2667c5c2d7e9cf7ea7c9791f2f244c54,0x46fcb89f6e1ef700f3fc5fd5bfa76cfffb1abfcc,True,1682772157,2023-05-02,False,False,False,True,0,0x0000000000000000000000000000000000000000,0,0x0000000000000000000000000000000000000000,1,0,0,True,70.0,True,False,3,0,0x0000000000000000000000000000000000000000,0,,,,,,,,,True,1,1,99,approve,True,True,70000000000000000000,365621,False,0xb75b8dac018f36cdc1e16042bb598c99885ecbf9,1000,1669566730,True,0xfa7c11e9e2d4fcd0f4646515a17289f5892a40b7,0xc0c44b69d91ea0b26f5be8afedc18a8cee281ad7,1,False,-1,0,,,,,,,,,True,True,True,approve,True,1001,"<img src=https://nft.hedgey.finance/fantom/0xb75b8dac018f36cdc1e16042bb598c99885ecbf9/1001.png width=""100"">",4,Common,864.0,146.48976476369893,2.092710925195699
