name,number,image,date,Batch,Type,Rank,Total Score,Background,Background Score,Skin,Skin Score,Body,Body Score,Eyes,Eyes Score,Weapon,Weapon Score,Necklace,Necklace Score,Eye Patch,Eye Patch Score,Hair,Hair Score,Hat,Hat Score,Mouth,Mouth Score,Pet,Pet Score,Unlock_Date
Pirate Life #1,1,https://nft.hedgey.finance/fantom/0xb75b8dac018f36cdc1e16042bb598c99885ecbf9/1.png,1660831319746,Treasure,Treasure,44.0,158.14830298525948,Deep_Violet,25.0,Concrete,9.615384615384615,Shirt_Red,20.833333333333332,Eyes_Green,13.88888888888889,Sword_Dual,20.833333333333332,None,1.6025641025641026,None,4.62962962962963,Mid_Hair_Beard_Johnny,20.833333333333332,Bandana_Dust,31.25,Cheeky,6.944444444444445,None,2.717391304347826,1660830819
Pirate Life #2,2,https://nft.hedgey.finance/fantom/0xb75b8dac018f36cdc1e16042bb598c99885ecbf9/2.png,1660831756085,Treasure,Treasure,69.0,131.83092117375674,Indigo,12.5,Espresso,5.952380952380952,Tattoo,31.25,Wink_Orange,25.0,None,1.6447368421052633,None,1.6025641025641026,Eye_Patch_Right,2.6595744680851063,Mid_Hair_Blonde,13.88888888888889,Bandana_Green,25.0,Blunt,9.615384615384615,None,2.717391304347826,1663509219
Pirate Life #3,3,https://nft.hedgey.finance/fantom/0xb75b8dac018f36cdc1e16042bb598c99885ecbf9/3.png,1660831756285,Treasure,Treasure,35.0,170.47003198442496,Mint,13.88888888888889,Espresso,5.952380952380952,Shirt_Blue_Grey,17.857142857142858,Angry_Eyes_Green,10.416666666666666,Sword_Dual,20.833333333333332,Skull_Blood,25.0,Eye_Patch_Right,2.6595744680851063,Mid_Hair_Ginger,12.5,None,1.838235294117647,Teeth_Gold,17.857142857142858,Parrot_Shadow,41.666666666666664,1663509219
Pirate Life #4,4,https://nft.hedgey.finance/fantom/0xb75b8dac018f36cdc1e16042bb598c99885ecbf9/4.png,1660831756415,Treasure,Treasure,20.0,204.1631316033911,Blue,15.625,Espresso,5.952380952380952,Neked,3.048780487804878,Bulging_Eyes_Green,17.857142857142858,None,1.6447368421052633,Teeth_Skull_Silver,15.625,Eye_Patch_Left,2.6595744680851063,Short_Hair_Black,125.0,None,1.838235294117647,Pipe_Silver,6.578947368421053,Octopus,8.333333333333334,1663509219
Pirate Life #5,5,https://nft.hedgey.finance/fantom/0xb75b8dac018f36cdc1e16042bb598c99885ecbf9/5.png,1660831756557,Treasure,Treasure,71.0,130.83724276495005,Abe_Cyan,13.88888888888889,Almond,8.333333333333334,Shirt_Red,20.833333333333332,Bulging_Eyes_Orange,9.615384615384615,None,1.6447368421052633,Teeth_Blood,17.857142857142858,None,4.62962962962963,Long_Hair_Beard_Grey,41.666666666666664,None,1.838235294117647,Open_Mouth,7.8125,None,2.717391304347826,1663509219
Pirate Life #6,6,https://nft.hedgey.finance/fantom/0xb75b8dac018f36cdc1e16042bb598c99885ecbf9/6.png,1660831756676,Treasure,Treasure,86.0,118.6596032689804,Red,25.0,Almond,8.333333333333334,Neked,3.048780487804878,Eyes_Orange,20.833333333333332,None,1.6447368421052633,None,1.6025641025641026,Eye_Patch_Left,2.6595744680851063,Mid_Hair_Beard_Johnny,20.833333333333332,Bandana_Purple,12.5,Pipe_Silver,6.578947368421053,Parrot_Red,15.625,1663509219
Pirate Life #7,7,https://nft.hedgey.finance/fantom/0xb75b8dac018f36cdc1e16042bb598c99885ecbf9/7.png,1660831756813,Treasure,Treasure,27.0,189.79465979608997,Aureolin,41.666666666666664,Golden,5.952380952380952,Shirt_Green,15.625,Bulging_Eyes_Orange,9.615384615384615,Gun_Right,12.5,Skull_Blood,25.0,Eye_Patch_Dual,31.25,Long_Hair_Beard_Brown,13.88888888888889,Pirate_Hat_Pink,25.0,Pipe_Silver,6.578947368421053,None,2.717391304347826,1663509219
Pirate Life #8,8,https://nft.hedgey.finance/fantom/0xb75b8dac018f36cdc1e16042bb598c99885ecbf9/8.png,1660831756995,Treasure,Treasure,102.0,106.87584286873394,Spektral,13.88888888888889,Almond,8.333333333333334,Neked,3.048780487804878,Bulging_Eyes_Orange,9.615384615384615,Gun_Left,20.833333333333332,Teeth_Blood,17.857142857142858,Eye_Patch_Left,2.6595744680851063,Long_Hair_Beard_Brown,13.88888888888889,None,1.838235294117647,Pipe_Silver,6.578947368421053,Octopus,8.333333333333334,1663509219
Pirate Life #9,9,https://nft.hedgey.finance/fantom/0xb75b8dac018f36cdc1e16042bb598c99885ecbf9/9.png,1660831757120,Treasure,Treasure,52.0,146.68028006967307,Mint,13.88888888888889,Espresso,5.952380952380952,Shirt_Yellow_Black,31.25,Stoned_Eyes,10.416666666666666,Sword_Dual,20.833333333333332,None,1.6025641025641026,Eye_Patch_Left,2.6595744680851063,Mid_Hair_Beard_Ginger,31.25,None,1.838235294117647,Pipe_Gold,11.363636363636365,Monkey_Ginger,15.625,1663509219
Pirate Life #10,10,https://nft.hedgey.finance/fantom/0xb75b8dac018f36cdc1e16042bb598c99885ecbf9/10.png,1660831757296,Treasure,Treasure,23.0,198.19820658759957,Chilean_Fire,13.88888888888889,Golden,5.952380952380952,Shirt_Red_Pink,8.928571428571429,Angry_Eyes_Green,10.416666666666666,Sword_Dual,20.833333333333332,Teeth_Skull_Gold,41.666666666666664,Eye_Patch_Right,2.6595744680851063,Long_Hair_Brown,62.5,None,1.838235294117647,Open_Mouth_Gold,13.88888888888889,Monkey_Blue,15.625,1663509219
Pirate Life #11,11,https://nft.hedgey.finance/fantom/0xb75b8dac018f36cdc1e16042bb598c99885ecbf9/11.png,1660832219711,Treasure,Treasure,56.0,143.04544022467192,Shadow,8.928571428571429,Golden,5.952380952380952,Neked,3.048780487804878,Eyes_Orange,20.833333333333332,None,1.6447368421052633,Skull_Blood,25.0,None,4.62962962962963,Short_Hair_Stubble_Green,62.5,None,1.838235294117647,Regular_Mouth,5.952380952380952,None,2.717391304347826,1663509219
Pirate Life #12,12,https://nft.hedgey.finance/fantom/0xb75b8dac018f36cdc1e16042bb598c99885ecbf9/12.png,1660832219862,Treasure,Treasure,50.0,153.3275103333894,Mint,13.88888888888889,Goblin,31.25,Shirt_Blue_Grey,17.857142857142858,Wink_Blue,12.5,None,1.6447368421052633,None,1.6025641025641026,Eye_Patch_Right,2.6595744680851063,Mid_Hair_Stubble_Grey,31.25,Pirate_Hat_Red,13.88888888888889,Regular_Mouth,5.952380952380952,Parrot_Purple,20.833333333333332,1663509219
Pirate Life #13,13,https://nft.hedgey.finance/fantom/0xb75b8dac018f36cdc1e16042bb598c99885ecbf9/13.png,1660832219988,Treasure,Treasure,46.0,157.23214819163974,Aureolin,41.666666666666664,Golden,5.952380952380952,Neked,3.048780487804878,Bulging_Eyes_Orange,9.615384615384615,Sword_Left,10.416666666666666,Teeth_Skull_Silver,15.625,Eye_Patch_Right,2.6595744680851063,Long_Hair_Beard_Grey,41.666666666666664,Pirate_Hat_Blue,12.5,Teeth_Silver,11.363636363636365,None,2.717391304347826,1663509219
Pirate Life #14,14,https://nft.hedgey.finance/fantom/0xb75b8dac018f36cdc1e16042bb598c99885ecbf9/14.png,1660832220174,Treasure,Treasure,11.0,237.51983479581568,Grey,20.833333333333332,Golden,5.952380952380952,Neked,3.048780487804878,Wink_Blue,12.5,Sword_Right,12.5,None,1.6025641025641026,Eye_Patch_Dual,31.25,Short_Hair_Stubble_White,125.0,Pirate_Hat_Blue,12.5,Blunt,9.615384615384615,None,2.717391304347826,1663509219
Pirate Life #15,15,https://nft.hedgey.finance/fantom/0xb75b8dac018f36cdc1e16042bb598c99885ecbf9/15.png,1660832220308,Treasure,Treasure,99.0,107.8449195237862,Yellow,13.88888888888889,Concrete,9.615384615384615,Shirt_Green,15.625,Angry_Eyes_Green,10.416666666666666,Gun_Right,12.5,Skull_Silver,12.5,Eye_Patch_Right,2.6595744680851063,Mid_Hair_Blonde,13.88888888888889,None,1.838235294117647,Pipe_Silver,6.578947368421053,Octopus,8.333333333333334,1663509219
Pirate Life #16,16,https://nft.hedgey.finance/fantom/0xb75b8dac018f36cdc1e16042bb598c99885ecbf9/16.png,1660832220444,Treasure,Treasure,4.0,285.3482673541464,Spektral,13.88888888888889,Almond,8.333333333333334,Shirt_Red_Pink,8.928571428571429,Bulging_Eyes_Orange,9.615384615384615,None,1.6447368421052633,Skull_Diamond,125.0,Eye_Patch_Right,2.6595744680851063,Mid_Hair_Pink,41.666666666666664,Bandana_Green,25.0,Cheeky,6.944444444444445,Parrot_Shadow,41.666666666666664,1663509219
Pirate Life #17,17,https://nft.hedgey.finance/fantom/0xb75b8dac018f36cdc1e16042bb598c99885ecbf9/17.png,1660832220643,Treasure,Treasure,79.0,125.27109714733226,Deep_Violet,25.0,Golden,5.952380952380952,Shirt_Pink_Grey,13.88888888888889,Angry_Eyes,15.625,None,1.6447368421052633,Skull_Silver,12.5,Eye_Patch_Left,2.6595744680851063,Mid_Hair_Brown,31.25,None,1.838235294117647,Pipe_Silver,6.578947368421053,Octopus,8.333333333333334,1663509219
Pirate Life #18,18,https://nft.hedgey.finance/fantom/0xb75b8dac018f36cdc1e16042bb598c99885ecbf9/18.png,1660832220785,Treasure,Treasure,105.0,102.0112114561149,Indigo,12.5,Golden,5.952380952380952,Neked,3.048780487804878,Wink_Blue,12.5,None,1.6447368421052633,None,1.6025641025641026,Eye_Patch_Left,2.6595744680851063,Short_Hair_Goatee_White,17.857142857142858,Pirate_Hat_Blue,12.5,Open_Mouth_Gold,13.88888888888889,Monkey_x,17.857142857142858,1663509219
Pirate Life #19,19,https://nft.hedgey.finance/fantom/0xb75b8dac018f36cdc1e16042bb598c99885ecbf9/19.png,1660832220912,Treasure,Treasure,121.0,84.90140375275327,Shadow,8.928571428571429,Concrete,9.615384615384615,Shirt_Red_Pink,8.928571428571429,Angry_Eyes,15.625,Sword_Left,10.416666666666666,None,1.6025641025641026,Eye_Patch_Right,2.6595744680851063,Mid_Hair_Stubble_Blonde,15.625,None,1.838235294117647,Cheeky,6.944444444444445,None,2.717391304347826,1663509219
Pirate Life #20,20,https://nft.hedgey.finance/fantom/0xb75b8dac018f36cdc1e16042bb598c99885ecbf9/20.png,1660832221029,Treasure,Treasure,125.0,67.86234357562937,Shadow,8.928571428571429,Golden,5.952380952380952,Neked,3.048780487804878,Angry_Eyes_Green,10.416666666666666,None,1.6447368421052633,None,1.6025641025641026,Eye_Patch_Left,2.6595744680851063,Mid_Hair_Stubble_Blonde,15.625,None,1.838235294117647,Open_Mouth,7.8125,Octopus,8.333333333333334,1663509219
Pirate Life #21,21,https://nft.hedgey.finance/fantom/0xb75b8dac018f36cdc1e16042bb598c99885ecbf9/21.png,1660832340010,Treasure,Treasure,63.0,135.80972423344215,Indigo,12.5,Sand,13.88888888888889,Shirt_Green,15.625,Eyes_Green,13.88888888888889,None,1.6447368421052633,None,1.6025641025641026,Eye_Patch_Right,2.6595744680851063,Mid_Hair_Stubble_Brown,62.5,None,1.838235294117647,Cheeky,6.944444444444445,None,2.717391304347826,1663509219
Pirate Life #22,22,https://nft.hedgey.finance/fantom/0xb75b8dac018f36cdc1e16042bb598c99885ecbf9/22.png,1660832340212,Treasure,Treasure,117.0,93.13391680915913,Yellow,13.88888888888889,Almond,8.333333333333334,Neked,3.048780487804878,Wink_Blue,12.5,None,1.6447368421052633,Teeth_Blood,17.857142857142858,Eye_Patch_Left,2.6595744680851063,Mid_Hair_Beard_Johnny,20.833333333333332,None,1.838235294117647,Open_Mouth,7.8125,None,2.717391304347826,1663509219
Pirate Life #23,23,https://nft.hedgey.finance/fantom/0xb75b8dac018f36cdc1e16042bb598c99885ecbf9/23.png,1660832340404,Treasure,Treasure,103.0,106.62115366399254,Chilean_Fire,13.88888888888889,Porcelain,8.333333333333334,Tattoo,31.25,Angry_Eyes_Green,10.416666666666666,Gun_Right,12.5,None,1.6025641025641026,None,4.62962962962963,Mid_Hair_Ginger,12.5,None,1.838235294117647,Cheeky,6.944444444444445,None,2.717391304347826,1663509219
Pirate Life #24,24,https://nft.hedgey.finance/fantom/0xb75b8dac018f36cdc1e16042bb598c99885ecbf9/24.png,1660832340539,Treasure,Treasure,107.0,101.36216616603285,Spektral,13.88888888888889,Concrete,9.615384615384615,Shirt_Red_Pink,8.928571428571429,Wink_Green,12.5,Gun_Right,12.5,None,1.6025641025641026,Eye_Patch_Right,2.6595744680851063,Mid_Hair_Stubble_Blonde,15.625,None,1.838235294117647,Pipe_Silver,6.578947368421053,Monkey_Blue,15.625,1663509219
Pirate Life #25,25,https://nft.hedgey.finance/fantom/0xb75b8dac018f36cdc1e16042bb598c99885ecbf9/25.png,1660832340679,Treasure,Treasure,120.0,90.4165255048113,Grey,20.833333333333332,Concrete,9.615384615384615,Neked,3.048780487804878,Bulging_Eyes_Blue,9.615384615384615,None,1.6447368421052633,None,1.6025641025641026,Eye_Patch_Left,2.6595744680851063,Mid_Hair_Blonde,13.88888888888889,None,1.838235294117647,Open_Mouth,7.8125,Monkey_x,17.857142857142858,1663509219
Pirate Life #26,26,https://nft.hedgey.finance/fantom/0xb75b8dac018f36cdc1e16042bb598c99885ecbf9/26.png,1660832340809,Treasure,Treasure,92.0,113.94709763735713,Shadow,8.928571428571429,Honey,6.578947368421053,Neked,3.048780487804878,Bulging_Eyes_Orange,9.615384615384615,None,1.6447368421052633,None,1.6025641025641026,Eye_Patch_Right,2.6595744680851063,Short_Hair_Beard_Black,25.0,None,1.838235294117647,Teeth_Silver,11.363636363636365,Parrot_Shadow,41.666666666666664,1663509219
Pirate Life #27,27,https://nft.hedgey.finance/fantom/0xb75b8dac018f36cdc1e16042bb598c99885ecbf9/27.png,1660832340925,Treasure,Treasure,81.0,122.98599825182146,Shadow,8.928571428571429,Golden,5.952380952380952,Shirt_Green_Grey,15.625,Wink_Orange,25.0,Gun_Left,20.833333333333332,None,1.6025641025641026,Eye_Patch_Right,2.6595744680851063,Short_Hair_Beard_White,31.25,None,1.838235294117647,Pipe_Silver,6.578947368421053,None,2.717391304347826,1663509219
Pirate Life #28,28,https://nft.hedgey.finance/fantom/0xb75b8dac018f36cdc1e16042bb598c99885ecbf9/28.png,1660832341063,Treasure,Treasure,91.0,115.8225960869891,Indigo,12.5,Porcelain,8.333333333333334,Shirt_LQDR,20.833333333333332,Angry_Eyes,15.625,Sword_Left,10.416666666666666,None,1.6025641025641026,Eye_Patch_Left,2.6595744680851063,Mid_Hair_Ginger,12.5,None,1.838235294117647,Open_Mouth_Gold,13.88888888888889,Monkey_Blue,15.625,1663509219
Pirate Life #29,29,https://nft.hedgey.finance/fantom/0xb75b8dac018f36cdc1e16042bb598c99885ecbf9/29.png,1660832341203,Treasure,Treasure,42.0,161.46754281552717,Indigo,12.5,Honey,6.578947368421053,Shirt_Green_Grey,15.625,Bulging_Eyes_Blue,9.615384615384615,Sword_Right,12.5,Teeth_Gold,31.25,Eye_Patch_Right,2.6595744680851063,Long_Hair_Stubble_Brown,31.25,Pirate_Hat_Blue,12.5,Pipe_Gold,11.363636363636365,Parrot_Red,15.625,1663509219
Pirate Life #30,30,https://nft.hedgey.finance/fantom/0xb75b8dac018f36cdc1e16042bb598c99885ecbf9/30.png,1660832341331,Treasure,Treasure,17.0,218.67668644107948,Puce,17.857142857142858,Concrete,9.615384615384615,Shirt_Red_Pink,8.928571428571429,Bulging_Eyes_Shadow,125.0,Sword_Right,12.5,Skull_Silver,12.5,Eye_Patch_Right,2.6595744680851063,Mid_Hair_Ginger,12.5,None,1.838235294117647,Cheeky,6.944444444444445,Octopus,8.333333333333334,1663509219
Pirate Life #31,31,https://nft.hedgey.finance/fantom/0xb75b8dac018f36cdc1e16042bb598c99885ecbf9/31.png,1660832578081,Treasure,Treasure,48.0,153.79871712108556,Yellow,13.88888888888889,Espresso,5.952380952380952,Shirt_Green_Grey,15.625,Eyes_Green,13.88888888888889,None,1.6447368421052633,Teeth_Skull_Silver,15.625,None,4.62962962962963,Long_Hair_Grey,41.666666666666664,Pirate_Hat_Red,13.88888888888889,Pipe_Gold,11.363636363636365,Monkey_Ginger,15.625,1663509219
Pirate Life #32,32,https://nft.hedgey.finance/fantom/0xb75b8dac018f36cdc1e16042bb598c99885ecbf9/32.png,1660832578226,Treasure,Treasure,6.0,269.76951766498485,Deep_Violet,25.0,Porcelain,8.333333333333334,Shirt_Blue,13.88888888888889,Bulging_Eyes_Blue,9.615384615384615,Sword_Right,12.5,None,1.6025641025641026,Eye_Patch_Left,2.6595744680851063,Mid_Hair_Beard_Blonde,62.5,Pirate_Hat_Gold,125.0,Regular_Mouth,5.952380952380952,None,2.717391304347826,1663509219
Pirate Life #33,33,https://nft.hedgey.finance/fantom/0xb75b8dac018f36cdc1e16042bb598c99885ecbf9/33.png,1660832578371,Treasure,Treasure,77.0,125.91573759460428,Night_Blue,17.857142857142858,Sand,13.88888888888889,Shirt_Shadow,25.0,Bulging_Eyes_Blue,9.615384615384615,Sword_Left,10.416666666666666,None,1.6025641025641026,Eye_Patch_Right,2.6595744680851063,Mid_Hair_Beard_Johnny,20.833333333333332,None,1.838235294117647,Pipe_Silver,6.578947368421053,Parrot_Red,15.625,1663509219
Pirate Life #34,34,https://nft.hedgey.finance/fantom/0xb75b8dac018f36cdc1e16042bb598c99885ecbf9/34.png,1660832578555,Treasure,Treasure,3.0,286.96970877821946,Yellow,13.88888888888889,Goblin,31.25,Tattoo,31.25,Bulging_Eyes_Blue,9.615384615384615,Gun_Dual,62.5,Teeth_Blood,17.857142857142858,Eye_Patch_Right,2.6595744680851063,Long_Hair_Goatee_Brown,62.5,Bandana_Red,20.833333333333332,Blunt,9.615384615384615,Parrot_Blue,25.0,1663509219
Pirate Life #35,35,https://nft.hedgey.finance/fantom/0xb75b8dac018f36cdc1e16042bb598c99885ecbf9/35.png,1660832578695,Treasure,Treasure,14.0,224.00420206271272,Shadow,8.928571428571429,Alien,31.25,Shirt_Pink_Grey,13.88888888888889,Wink_Shadow,62.5,Sword_Dual,20.833333333333332,None,1.6025641025641026,Eye_Patch_Left,2.6595744680851063,Long_Hair_Beard_Brown,13.88888888888889,Bandana_Red,20.833333333333332,Regular_Mouth,5.952380952380952,Parrot_Green,41.666666666666664,1663509219
Pirate Life #36,36,https://nft.hedgey.finance/fantom/0xb75b8dac018f36cdc1e16042bb598c99885ecbf9/36.png,1660832578825,Treasure,Treasure,16.0,219.62053827378904,Abe_Purple,62.5,Sand,13.88888888888889,Shirt_Shadow,25.0,Eyes_Shadow,41.666666666666664,None,1.6447368421052633,Teeth_Skull_Silver,15.625,None,4.62962962962963,Long_Hair_Stubble_Brown,31.25,None,1.838235294117647,Regular_Mouth,5.952380952380952,Monkey_Ginger,15.625,1663509219
Pirate Life #37,37,https://nft.hedgey.finance/fantom/0xb75b8dac018f36cdc1e16042bb598c99885ecbf9/37.png,1660832578969,Treasure,Treasure,122.0,81.61311852849244,Blue,15.625,Golden,5.952380952380952,Neked,3.048780487804878,Angry_Eyes_Green,10.416666666666666,Sword_Right,12.5,None,1.6025641025641026,Eye_Patch_Right,2.6595744680851063,Long_Hair_Beard_Brown,13.88888888888889,None,1.838235294117647,Pipe_Gold,11.363636363636365,None,2.717391304347826,1663509219
Pirate Life #38,38,https://nft.hedgey.finance/fantom/0xb75b8dac018f36cdc1e16042bb598c99885ecbf9/38.png,1660832579144,Treasure,Treasure,8.0,257.2559530132623,Pink,25.0,Honey,6.578947368421053,Shirt_Green,15.625,Wink_Blue,12.5,None,1.6447368421052633,Skull_Gold,125.0,Eye_Patch_Right,2.6595744680851063,Mid_Hair_Ginger,12.5,Pirate_Hat_Green,41.666666666666664,Teeth_Silver,11.363636363636365,None,2.717391304347826,1663509219
Pirate Life #39,39,https://nft.hedgey.finance/fantom/0xb75b8dac018f36cdc1e16042bb598c99885ecbf9/39.png,1660832579269,Treasure,Treasure,90.0,116.40884503281025,Puce,17.857142857142858,Honey,6.578947368421053,Neked,3.048780487804878,Wink_Blue,12.5,Sword_Left,10.416666666666666,None,1.6025641025641026,Eye_Patch_Right,2.6595744680851063,Long_Hair_Stubble_Brown,31.25,Bandana_Red,20.833333333333332,Cheeky,6.944444444444445,None,2.717391304347826,1663509219
Pirate Life #40,40,https://nft.hedgey.finance/fantom/0xb75b8dac018f36cdc1e16042bb598c99885ecbf9/40.png,1660832579443,Treasure,Treasure,45.0,157.56395450667895,Chilean_Fire,13.88888888888889,Porcelain,8.333333333333334,Shirt_Red,20.833333333333332,Bulging_Eyes_Green,17.857142857142858,None,1.6447368421052633,None,1.6025641025641026,None,4.62962962962963,Mid_Hair_Stubble_Pink,62.5,None,1.838235294117647,Pipe_Silver,6.578947368421053,Monkey_x,17.857142857142858,1663509219
Pirate Life #41,41,https://nft.hedgey.finance/fantom/0xb75b8dac018f36cdc1e16042bb598c99885ecbf9/41.png,1660832591437,Treasure,Treasure,76.0,126.62210939201614,Grey,20.833333333333332,Espresso,5.952380952380952,Neked,3.048780487804878,Bulging_Eyes_Orange,9.615384615384615,Sword_Right,12.5,Teeth,15.625,None,4.62962962962963,Mid_Hair_Blonde,13.88888888888889,None,1.838235294117647,Teeth_Gold,17.857142857142858,Parrot_Purple,20.833333333333332,1663509219
Pirate Life #42,42,https://nft.hedgey.finance/fantom/0xb75b8dac018f36cdc1e16042bb598c99885ecbf9/42.png,1660832591579,Treasure,Treasure,78.0,125.38525564964864,Purple,25.0,Concrete,9.615384615384615,Shirt_LQDR,20.833333333333332,Bulging_Eyes_Blue,9.615384615384615,Sword_Right,12.5,None,1.6025641025641026,Eye_Patch_Right,2.6595744680851063,Mid_Hair_Ginger,12.5,None,1.838235294117647,Pipe_Gold,11.363636363636365,Monkey_x,17.857142857142858,1663509219
Pirate Life #43,43,https://nft.hedgey.finance/fantom/0xb75b8dac018f36cdc1e16042bb598c99885ecbf9/43.png,1660832591724,Treasure,Treasure,13.0,224.13011781362846,Pink,25.0,Sand,13.88888888888889,Shirt_Blue,13.88888888888889,Bulging_Eyes_Blue,9.615384615384615,Gun_Right,12.5,Teeth_Gold,31.25,Eye_Patch_Left,2.6595744680851063,Mid_Hair_Stubble_Brown,62.5,Bandana_Dust,31.25,Regular_Mouth,5.952380952380952,Monkey_Ginger,15.625,1663509219
Pirate Life #44,44,https://nft.hedgey.finance/fantom/0xb75b8dac018f36cdc1e16042bb598c99885ecbf9/44.png,1660832591840,Treasure,Treasure,93.0,113.67589410476079,Mint,13.88888888888889,Honey,6.578947368421053,Shirt_Red_Pink,8.928571428571429,Wink_Blue,12.5,Gun_Left,20.833333333333332,None,1.6025641025641026,Eye_Patch_Left,2.6595744680851063,Short_Hair_Goatee_White,17.857142857142858,None,1.838235294117647,Pipe_Gold,11.363636363636365,Monkey_Blue,15.625,1663509219
Pirate Life #45,45,https://nft.hedgey.finance/fantom/0xb75b8dac018f36cdc1e16042bb598c99885ecbf9/45.png,1660832591973,Treasure,Treasure,12.0,236.47052499099215,Chilean_Fire,13.88888888888889,Espresso,5.952380952380952,Shirt_Red_Pink,8.928571428571429,Bulging_Eyes_Blue,9.615384615384615,Gun_Right_Sword_Left_Dual,125.0,Teeth,15.625,Eye_Patch_Left,2.6595744680851063,Mid_Hair_Beard_Ginger,31.25,Pirate_Hat_Red,13.88888888888889,Cheeky,6.944444444444445,None,2.717391304347826,1663509219
Pirate Life #46,46,https://nft.hedgey.finance/fantom/0xb75b8dac018f36cdc1e16042bb598c99885ecbf9/46.png,1660832592123,Treasure,Treasure,104.0,104.69159763497669,Spektral,13.88888888888889,Espresso,5.952380952380952,Shirt_Blue_Grey,17.857142857142858,Stoned_Eyes,10.416666666666666,None,1.6447368421052633,None,1.6025641025641026,Eye_Patch_Right,2.6595744680851063,Mid_Hair_Ginger,12.5,Bandana_Purple,12.5,Open_Mouth,7.8125,Monkey_x,17.857142857142858,1663509219
Pirate Life #47,47,https://nft.hedgey.finance/fantom/0xb75b8dac018f36cdc1e16042bb598c99885ecbf9/47.png,1660832592273,Treasure,Treasure,7.0,260.0659108217899,Yellow,13.88888888888889,Espresso,5.952380952380952,Shirt_Red_Pink,8.928571428571429,Bulging_Eyes_Orange,9.615384615384615,None,1.6447368421052633,None,1.6025641025641026,Eye_Patch_Right,2.6595744680851063,Mid_Hair_Goatee_Ginger,125.0,Pirate_Hat_Orange,41.666666666666664,Teeth_Gold,17.857142857142858,Octopus_Homme,31.25,1663509219
Pirate Life #48,48,https://nft.hedgey.finance/fantom/0xb75b8dac018f36cdc1e16042bb598c99885ecbf9/48.png,1660832592400,Treasure,Treasure,85.0,119.46738601610394,Red,25.0,Golden,5.952380952380952,Shirt_Red_Pink,8.928571428571429,Bulging_Eyes_Orange,9.615384615384615,None,1.6447368421052633,Skull_Silver,12.5,Eye_Patch_Right,2.6595744680851063,Mid_Hair_Grey,41.666666666666664,None,1.838235294117647,Cheeky,6.944444444444445,None,2.717391304347826,1663509219
Pirate Life #49,49,https://nft.hedgey.finance/fantom/0xb75b8dac018f36cdc1e16042bb598c99885ecbf9/49.png,1660832592547,Treasure,Treasure,37.0,164.77703260791498,Mint,13.88888888888889,Concrete,9.615384615384615,Shirt_Blue_Grey,17.857142857142858,Wink_Green,12.5,Gun_Right,12.5,Skull_Silver,12.5,Eye_Patch_Dual,31.25,Mid_Hair_Beard_Brown,31.25,None,1.838235294117647,Regular_Mouth,5.952380952380952,Octopus_Pink,15.625,1663509219
Pirate Life #50,50,https://nft.hedgey.finance/fantom/0xb75b8dac018f36cdc1e16042bb598c99885ecbf9/50.png,1660832592704,Treasure,Treasure,97.0,110.70289850713019,Blue,15.625,Porcelain,8.333333333333334,Neked,3.048780487804878,Bulging_Eyes_Green,17.857142857142858,None,1.6447368421052633,None,1.6025641025641026,Eye_Patch_Dual,31.25,Mid_Hair_Beard_Johnny,20.833333333333332,None,1.838235294117647,Regular_Mouth,5.952380952380952,None,2.717391304347826,1663509219
Pirate Life #51,51,https://nft.hedgey.finance/fantom/0xb75b8dac018f36cdc1e16042bb598c99885ecbf9/51.png,1660832842564,Treasure,Treasure,101.0,107.4191107818531,Blue,15.625,Sand,13.88888888888889,Neked,3.048780487804878,Angry_Eyes_Blue,11.363636363636365,None,1.6447368421052633,None,1.6025641025641026,Eye_Patch_Left,2.6595744680851063,Long_Hair_Beard_Grey,41.666666666666664,None,1.838235294117647,Pipe_Gold,11.363636363636365,None,2.717391304347826,1663509219
Pirate Life #52,52,https://nft.hedgey.finance/fantom/0xb75b8dac018f36cdc1e16042bb598c99885ecbf9/52.png,1660832842773,Treasure,Treasure,64.0,135.50155465377065,Abe_Cyan,13.88888888888889,Alien,31.25,Neked,3.048780487804878,Wink_Orange,25.0,None,1.6447368421052633,Teeth_Skull_Silver,15.625,Eye_Patch_Right,2.6595744680851063,Mid_Hair_Stubble_Grey,31.25,None,1.838235294117647,Pipe_Silver,6.578947368421053,None,2.717391304347826,1663509219
Pirate Life #53,53,https://nft.hedgey.finance/fantom/0xb75b8dac018f36cdc1e16042bb598c99885ecbf9/53.png,1660832842915,Treasure,Treasure,118.0,93.05076936992405,Puce,17.857142857142858,Honey,6.578947368421053,Shirt_Pink_Grey,13.88888888888889,Bulging_Eyes_Green,17.857142857142858,None,1.6447368421052633,None,1.6025641025641026,None,4.62962962962963,Short_Hair_Goatee_White,17.857142857142858,None,1.838235294117647,Pipe_Silver,6.578947368421053,None,2.717391304347826,1663509219
Pirate Life #54,54,https://nft.hedgey.finance/fantom/0xb75b8dac018f36cdc1e16042bb598c99885ecbf9/54.png,1660832843048,Treasure,Treasure,96.0,111.768250356442,Spektral,13.88888888888889,Almond,8.333333333333334,Shirt_Green_Grey,15.625,Angry_Eyes,15.625,None,1.6447368421052633,Skull_Blood,25.0,Eye_Patch_Right,2.6595744680851063,Short_Hair_Goatee_White,17.857142857142858,None,1.838235294117647,Pipe_Silver,6.578947368421053,None,2.717391304347826,1663509219
Pirate Life #55,55,https://nft.hedgey.finance/fantom/0xb75b8dac018f36cdc1e16042bb598c99885ecbf9/55.png,1660832843186,Treasure,Treasure,112.0,99.02443751464482,Mint,13.88888888888889,Porcelain,8.333333333333334,Shirt_Blue,13.88888888888889,Bulging_Eyes_Blue,9.615384615384615,None,1.6447368421052633,None,1.6025641025641026,None,4.62962962962963,Mid_Hair_Stubble_Grey,31.25,None,1.838235294117647,Blunt,9.615384615384615,None,2.717391304347826,1663509219
Pirate Life #56,56,https://nft.hedgey.finance/fantom/0xb75b8dac018f36cdc1e16042bb598c99885ecbf9/56.png,1660832843348,Treasure,Treasure,109.0,101.05975921908417,Yellow,13.88888888888889,Golden,5.952380952380952,Shirt_Red_Pink,8.928571428571429,Angry_Eyes_Blue,11.363636363636365,None,1.6447368421052633,Teeth,15.625,None,4.62962962962963,Short_Hair_Goatee_White,17.857142857142858,Pirate_Hat_Blue,12.5,Regular_Mouth,5.952380952380952,None,2.717391304347826,1663509219
Pirate Life #57,57,https://nft.hedgey.finance/fantom/0xb75b8dac018f36cdc1e16042bb598c99885ecbf9/57.png,1660832843484,Treasure,Treasure,110.0,99.54682142305651,Deep_Violet,25.0,Honey,6.578947368421053,Shirt_Red_Pink,8.928571428571429,Stoned_Eyes,10.416666666666666,None,1.6447368421052633,None,1.6025641025641026,Eye_Patch_Right,2.6595744680851063,Mid_Hair_Blonde,13.88888888888889,None,1.838235294117647,Teeth_Silver,11.363636363636365,Octopus_Pink,15.625,1663509219
Pirate Life #58,58,https://nft.hedgey.finance/fantom/0xb75b8dac018f36cdc1e16042bb598c99885ecbf9/58.png,1660832843630,Treasure,Treasure,53.0,145.85255234029466,Abe_Cyan,13.88888888888889,Porcelain,8.333333333333334,Neked,3.048780487804878,Wink_Shadow,62.5,None,1.6447368421052633,None,1.6025641025641026,Eye_Patch_Right,2.6595744680851063,Long_Hair_Grey,41.666666666666664,None,1.838235294117647,Regular_Mouth,5.952380952380952,None,2.717391304347826,1663509219
Pirate Life #59,59,https://nft.hedgey.finance/fantom/0xb75b8dac018f36cdc1e16042bb598c99885ecbf9/59.png,1660832843760,Treasure,Treasure,59.0,138.95504660430802,Yellow,13.88888888888889,Sand,13.88888888888889,Shirt_Blue,13.88888888888889,Angry_Eyes,15.625,None,1.6447368421052633,Teeth,15.625,Eye_Patch_Left,2.6595744680851063,Mid_Hair_Goatee_Blonde,31.25,None,1.838235294117647,Open_Mouth,7.8125,Parrot_Purple,20.833333333333332,1663509219
Pirate Life #60,60,https://nft.hedgey.finance/fantom/0xb75b8dac018f36cdc1e16042bb598c99885ecbf9/60.png,1660832843884,Treasure,Treasure,111.0,99.49728114949716,Blue,15.625,Honey,6.578947368421053,Neked,3.048780487804878,Wink_Green,12.5,None,1.6447368421052633,None,1.6025641025641026,Eye_Patch_Left,2.6595744680851063,Mid_Hair_Goatee_Grey,41.666666666666664,None,1.838235294117647,Blunt,9.615384615384615,None,2.717391304347826,1663509219
Pirate Life #61,61,https://nft.hedgey.finance/fantom/0xb75b8dac018f36cdc1e16042bb598c99885ecbf9/61.png,1660832855895,Treasure,Treasure,65.0,135.4096103128611,Blue,15.625,Alien,31.25,Shirt_Shadow,25.0,Angry_Eyes_Green,10.416666666666666,None,1.6447368421052633,None,1.6025641025641026,None,4.62962962962963,Mid_Hair_Blonde,13.88888888888889,None,1.838235294117647,Open_Mouth_Gold,13.88888888888889,Parrot_Red,15.625,1663509219
Pirate Life #62,62,https://nft.hedgey.finance/fantom/0xb75b8dac018f36cdc1e16042bb598c99885ecbf9/62.png,1660832856095,Treasure,Treasure,123.0,72.33301632075865,Shadow,8.928571428571429,Porcelain,8.333333333333334,Neked,3.048780487804878,Bulging_Eyes_Blue,9.615384615384615,None,1.6447368421052633,None,1.6025641025641026,Eye_Patch_Left,2.6595744680851063,Short_Hair_Beard_Black,25.0,None,1.838235294117647,Cheeky,6.944444444444445,None,2.717391304347826,1663509219
Pirate Life #63,63,https://nft.hedgey.finance/fantom/0xb75b8dac018f36cdc1e16042bb598c99885ecbf9/63.png,1660832856256,Treasure,Treasure,18.0,218.3151925627276,Mint,13.88888888888889,Porcelain,8.333333333333334,Neked,3.048780487804878,Angry_Eyes_Green,10.416666666666666,Sword_Left,10.416666666666666,None,1.6025641025641026,Eye_Patch_Left,2.6595744680851063,Mid_Hair_Ginger,12.5,Bandana_Shadow,125.0,Blunt,9.615384615384615,Parrot_Purple,20.833333333333332,1663509219
Pirate Life #64,64,https://nft.hedgey.finance/fantom/0xb75b8dac018f36cdc1e16042bb598c99885ecbf9/64.png,1660832856374,Treasure,Treasure,124.0,68.29044375914911,Abe_Cyan,13.88888888888889,Golden,5.952380952380952,Neked,3.048780487804878,Wink_Green,12.5,None,1.6447368421052633,None,1.6025641025641026,None,4.62962962962963,Long_Hair_Beard_Brown,13.88888888888889,None,1.838235294117647,Pipe_Silver,6.578947368421053,None,2.717391304347826,1663509219
Pirate Life #65,65,https://nft.hedgey.finance/fantom/0xb75b8dac018f36cdc1e16042bb598c99885ecbf9/65.png,1660832856550,Treasure,Treasure,115.0,97.10239664861918,Chilean_Fire,13.88888888888889,Honey,6.578947368421053,Neked,3.048780487804878,Stoned_Eyes,10.416666666666666,None,1.6447368421052633,None,1.6025641025641026,None,4.62962962962963,Mid_Hair_Brown,31.25,None,1.838235294117647,Pipe_Silver,6.578947368421053,Monkey_Ginger,15.625,1663509219
Pirate Life #66,66,https://nft.hedgey.finance/fantom/0xb75b8dac018f36cdc1e16042bb598c99885ecbf9/66.png,1660832856673,Treasure,Treasure,24.0,197.63494392531783,Red,25.0,Espresso,5.952380952380952,Neked,3.048780487804878,Angry_Eyes_Blue,11.363636363636365,Sword_Right,12.5,None,1.6025641025641026,Eye_Patch_Right,2.6595744680851063,Mid_Hair_Stubble_Blue,125.0,None,1.838235294117647,Regular_Mouth,5.952380952380952,None,2.717391304347826,1663509219
Pirate Life #67,67,https://nft.hedgey.finance/fantom/0xb75b8dac018f36cdc1e16042bb598c99885ecbf9/67.png,1660832856816,Treasure,Treasure,28.0,183.30006149496495,Pink,25.0,Golden,5.952380952380952,Neked,3.048780487804878,Wink_Orange,25.0,None,1.6447368421052633,Teeth_Blood,17.857142857142858,Eye_Patch_Left,2.6595744680851063,Long_Hair_Grey,41.666666666666664,Bandana_Dust,31.25,Teeth_Silver,11.363636363636365,Monkey_x,17.857142857142858,1663509219
Pirate Life #68,68,https://nft.hedgey.finance/fantom/0xb75b8dac018f36cdc1e16042bb598c99885ecbf9/68.png,1660832856945,Treasure,Treasure,29.0,181.73486686574591,Chilean_Fire,13.88888888888889,Espresso,5.952380952380952,Shirt_Red_Pink,8.928571428571429,Wink_Green,12.5,None,1.6447368421052633,Teeth_Gold,31.25,Eye_Patch_Right,2.6595744680851063,Mid_Hair_Stubble_Blonde,15.625,Bandana_Red,20.833333333333332,Regular_Mouth,5.952380952380952,Parrot_LQDR,62.5,1663509219
Pirate Life #69,69,https://nft.hedgey.finance/fantom/0xb75b8dac018f36cdc1e16042bb598c99885ecbf9/69.png,1660832857080,Treasure,Treasure,68.0,133.05376586750097,Indigo,12.5,Honey,6.578947368421053,Shirt_Red_Pink,8.928571428571429,Angry_Eyes_Blue,11.363636363636365,None,1.6447368421052633,None,1.6025641025641026,Eye_Patch_Left,2.6595744680851063,Mid_Hair_Stubble_Blonde,15.625,None,1.838235294117647,Open_Mouth,7.8125,Parrot_LQDR,62.5,1663509219
Pirate Life #70,70,https://nft.hedgey.finance/fantom/0xb75b8dac018f36cdc1e16042bb598c99885ecbf9/70.png,1660832857228,Treasure,Treasure,89.0,116.58339080066597,Aureolin,41.666666666666664,Almond,8.333333333333334,Neked,3.048780487804878,Angry_Eyes_Green,10.416666666666666,None,1.6447368421052633,None,1.6025641025641026,None,4.62962962962963,Mid_Hair_Blonde,13.88888888888889,None,1.838235294117647,Open_Mouth_Gold,13.88888888888889,Monkey_Ginger,15.625,1663509219
Pirate Life #71,71,https://nft.hedgey.finance/fantom/0xb75b8dac018f36cdc1e16042bb598c99885ecbf9/71.png,1660832896070,Treasure,Treasure,98.0,109.63931704617701,Mint,13.88888888888889,Almond,8.333333333333334,Neked,3.048780487804878,Angry_Eyes,15.625,None,1.6447368421052633,None,1.6025641025641026,Eye_Patch_Left,2.6595744680851063,Mid_Hair_Goatee_Grey,41.666666666666664,Bandana_Purple,12.5,Regular_Mouth,5.952380952380952,None,2.717391304347826,1663509219
Pirate Life #72,72,https://nft.hedgey.finance/fantom/0xb75b8dac018f36cdc1e16042bb598c99885ecbf9/72.png,1660832896234,Treasure,Treasure,33.0,171.40947996334663,Night_Blue,17.857142857142858,Sand,13.88888888888889,Shirt_Red_Pink,8.928571428571429,Eyes_Green,13.88888888888889,Gun_Left,20.833333333333332,None,1.6025641025641026,Eye_Patch_Right,2.6595744680851063,Mid_Hair_Grey,41.666666666666664,None,1.838235294117647,Pipe_Silver,6.578947368421053,Parrot_Green,41.666666666666664,1663509219
Pirate Life #73,73,https://nft.hedgey.finance/fantom/0xb75b8dac018f36cdc1e16042bb598c99885ecbf9/73.png,1660832896380,Treasure,Treasure,60.0,138.54362907187982,Night_Blue,17.857142857142858,Espresso,5.952380952380952,Shirt_Shadow,25.0,Angry_Eyes_Blue,11.363636363636365,None,1.6447368421052633,None,1.6025641025641026,None,4.62962962962963,Long_Hair_Goatee_Grey,41.666666666666664,None,1.838235294117647,Teeth_Silver,11.363636363636365,Octopus_Pink,15.625,1663509219
Pirate Life #74,74,https://nft.hedgey.finance/fantom/0xb75b8dac018f36cdc1e16042bb598c99885ecbf9/74.png,1660832896509,Treasure,Treasure,88.0,118.23321076753571,Abe_Cyan,13.88888888888889,Almond,8.333333333333334,Shirt_Blue,13.88888888888889,Eyes_Orange,20.833333333333332,None,1.6447368421052633,None,1.6025641025641026,None,4.62962962962963,Mid_Hair_Brown,31.25,Bandana_Purple,12.5,Cheeky,6.944444444444445,None,2.717391304347826,1663509219
Pirate Life #75,75,https://nft.hedgey.finance/fantom/0xb75b8dac018f36cdc1e16042bb598c99885ecbf9/75.png,1660832896645,Treasure,Treasure,9.0,241.62573241857126,Pink,25.0,Alien,31.25,Tattoo_Scar,31.25,Eyes_Orange,20.833333333333332,Sword_Right_Gun_Left,62.5,Skull_Silver,12.5,None,4.62962962962963,Short_Hair_Goatee_Black,31.25,None,1.838235294117647,Teeth_Gold,17.857142857142858,None,2.717391304347826,1663509219
Pirate Life #76,76,https://nft.hedgey.finance/fantom/0xb75b8dac018f36cdc1e16042bb598c99885ecbf9/76.png,1660832896779,Treasure,Treasure,26.0,191.93484598019873,Purple,25.0,Honey,6.578947368421053,Shirt_Green_Grey,15.625,Eyes_Blue,62.5,None,1.6447368421052633,Teeth_Blood,17.857142857142858,Eye_Patch_Left,2.6595744680851063,Short_Hair_Beard_Black,25.0,Bandana_Purple,12.5,Cheeky,6.944444444444445,Monkey_Blue,15.625,1663509219
Pirate Life #77,77,https://nft.hedgey.finance/fantom/0xb75b8dac018f36cdc1e16042bb598c99885ecbf9/77.png,1660832896899,Treasure,Treasure,32.0,174.83239433827342,Indigo,12.5,Porcelain,8.333333333333334,Shirt_Blue,13.88888888888889,Bulging_Eyes_Blue,9.615384615384615,None,1.6447368421052633,Skull_Blood,25.0,Eye_Patch_Left,2.6595744680851063,Mid_Hair_Beard_Blonde,62.5,Bandana_Purple,12.5,Teeth_Gold,17.857142857142858,Octopus,8.333333333333334,1663509219
Pirate Life #78,78,https://nft.hedgey.finance/fantom/0xb75b8dac018f36cdc1e16042bb598c99885ecbf9/78.png,1660832897084,Treasure,Treasure,40.0,164.0339639674746,Abe_Cyan,13.88888888888889,Espresso,5.952380952380952,Shirt_Yellow_Black,31.25,Stoned_Eyes,10.416666666666666,Gun_Right,12.5,None,1.6025641025641026,Eye_Patch_Left,2.6595744680851063,Mid_Hair_Beard_Ginger,31.25,Pirate_Hat_Pink,25.0,Open_Mouth_Gold,13.88888888888889,Parrot_Red,15.625,1663509219
Pirate Life #79,79,https://nft.hedgey.finance/fantom/0xb75b8dac018f36cdc1e16042bb598c99885ecbf9/79.png,1660832897268,Treasure,Treasure,70.0,131.0449016377372,Green,41.666666666666664,Porcelain,8.333333333333334,Shirt_Blue,13.88888888888889,Eyes_Orange,20.833333333333332,None,1.6447368421052633,None,1.6025641025641026,Eye_Patch_Left,2.6595744680851063,Short_Hair_Goatee_White,17.857142857142858,Pirate_Hat_Red,13.88888888888889,Regular_Mouth,5.952380952380952,None,2.717391304347826,1663509219
Pirate Life #80,80,https://nft.hedgey.finance/fantom/0xb75b8dac018f36cdc1e16042bb598c99885ecbf9/80.png,1660832897428,Treasure,Treasure,15.0,223.10347945482897,Green,41.666666666666664,Almond,8.333333333333334,Shirt_Red,20.833333333333332,Eyes_Blue,62.5,Gun_Right,12.5,None,1.6025641025641026,Eye_Patch_Right,2.6595744680851063,Long_Hair_Goatee_Brown,62.5,None,1.838235294117647,Regular_Mouth,5.952380952380952,None,2.717391304347826,1663509219
Pirate Life #81,81,https://nft.hedgey.finance/fantom/0xb75b8dac018f36cdc1e16042bb598c99885ecbf9/81.png,1660832909582,Treasure,Treasure,30.0,180.16753878789484,Grey,20.833333333333332,Honey,6.578947368421053,Shirt_Green_Grey,15.625,Bulging_Eyes_Blue,9.615384615384615,Gun_Dual,62.5,None,1.6025641025641026,None,4.62962962962963,Short_Hair_Beard_Black,25.0,None,1.838235294117647,Cheeky,6.944444444444445,Parrot_Blue,25.0,1663509219
Pirate Life #82,82,https://nft.hedgey.finance/fantom/0xb75b8dac018f36cdc1e16042bb598c99885ecbf9/82.png,1660832909695,Treasure,Treasure,1.0,312.19413390589534,Night_Blue,17.857142857142858,Almond,8.333333333333334,Tattoo_Scar,31.25,Eyes_Shadow,41.666666666666664,None,1.6447368421052633,Skull_Silver,12.5,Eye_Patch_Left,2.6595744680851063,Long_Hair_Brown,62.5,None,1.838235294117647,Cheeky,6.944444444444445,Penguin_Safe,125.0,1663509219
Pirate Life #83,83,https://nft.hedgey.finance/fantom/0xb75b8dac018f36cdc1e16042bb598c99885ecbf9/83.png,1660832909849,Treasure,Treasure,39.0,164.5301965360756,Shadow,8.928571428571429,Devil,31.25,Tattoo_Scar,31.25,Bulging_Eyes_Green,17.857142857142858,None,1.6447368421052633,None,1.6025641025641026,Eye_Patch_Left,2.6595744680851063,Long_Hair_Beard_Brown,13.88888888888889,Bandana_Green,25.0,Blunt,9.615384615384615,Parrot_Purple,20.833333333333332,1663509219
Pirate Life #84,84,https://nft.hedgey.finance/fantom/0xb75b8dac018f36cdc1e16042bb598c99885ecbf9/84.png,1660832909999,Treasure,Treasure,83.0,122.39692453631753,Shadow,8.928571428571429,Espresso,5.952380952380952,Shirt_Pink_Grey,13.88888888888889,Eyes_Green,13.88888888888889,Sword_Left,10.416666666666666,Teeth_Skull_Silver,15.625,Eye_Patch_Left,2.6595744680851063,Mid_Hair_Beard_Brown,31.25,None,1.838235294117647,Blunt,9.615384615384615,Octopus,8.333333333333334,1663509219
Pirate Life #85,85,https://nft.hedgey.finance/fantom/0xb75b8dac018f36cdc1e16042bb598c99885ecbf9/85.png,1660832910158,Treasure,Treasure,21.0,202.7903099606627,Purple,25.0,Honey,6.578947368421053,Tattoo,31.25,Stoned_Eyes,10.416666666666666,None,1.6447368421052633,Teeth_Skull_Silver,15.625,Eye_Patch_Right,2.6595744680851063,Mid_Hair_Stubble_Pink,62.5,Bandana_Purple,12.5,Blunt,9.615384615384615,Parrot_Blue,25.0,1663509219
Pirate Life #86,86,https://nft.hedgey.finance/fantom/0xb75b8dac018f36cdc1e16042bb598c99885ecbf9/86.png,1660832910305,Treasure,Treasure,36.0,170.20504660430802,Pink,25.0,Porcelain,8.333333333333334,Shirt_LQDR,20.833333333333332,Angry_Eyes_Green,10.416666666666666,None,1.6447368421052633,Teeth_Skull_Gold,41.666666666666664,Eye_Patch_Left,2.6595744680851063,Mid_Hair_Pink,41.666666666666664,None,1.838235294117647,Open_Mouth,7.8125,Octopus,8.333333333333334,1663509219
Pirate Life #87,87,https://nft.hedgey.finance/fantom/0xb75b8dac018f36cdc1e16042bb598c99885ecbf9/87.png,1660832910492,Treasure,Treasure,95.0,112.50701546877688,Puce,17.857142857142858,Espresso,5.952380952380952,Shirt_Green,15.625,Wink_Green,12.5,None,1.6447368421052633,None,1.6025641025641026,Eye_Patch_Right,2.6595744680851063,Short_Hair_Goatee_Black,31.25,None,1.838235294117647,Regular_Mouth,5.952380952380952,Parrot_Red,15.625,1663509219
Pirate Life #88,88,https://nft.hedgey.finance/fantom/0xb75b8dac018f36cdc1e16042bb598c99885ecbf9/88.png,1660832910627,Treasure,Treasure,49.0,153.67473255561163,Puce,17.857142857142858,Almond,8.333333333333334,Shirt_Green,15.625,Wink_Green,12.5,None,1.6447368421052633,None,1.6025641025641026,Eye_Patch_Right,2.6595744680851063,Short_Hair_Beard_White,31.25,Pirate_Hat_Pink,25.0,Regular_Mouth,5.952380952380952,Octopus_Homme,31.25,1663509219
Pirate Life #89,89,https://nft.hedgey.finance/fantom/0xb75b8dac018f36cdc1e16042bb598c99885ecbf9/89.png,1660832910758,Treasure,Treasure,25.0,195.87295830646895,Abe_Cyan,13.88888888888889,Devil,31.25,Shirt_Pink_Grey,13.88888888888889,Angry_Eyes_Blue,11.363636363636365,Sword_Left,10.416666666666666,Skull_Silver,12.5,Eye_Patch_Right,2.6595744680851063,Mid_Hair_Goatee_Blonde,31.25,Pirate_Hat_Green,41.666666666666664,Teeth_Silver,11.363636363636365,Monkey_Ginger,15.625,1663509219
Pirate Life #90,90,https://nft.hedgey.finance/fantom/0xb75b8dac018f36cdc1e16042bb598c99885ecbf9/90.png,1660832910903,Treasure,Treasure,62.0,136.05024855148366,Night_Blue,17.857142857142858,Golden,5.952380952380952,Shirt_Red,20.833333333333332,Stoned_Eyes,10.416666666666666,None,1.6447368421052633,None,1.6025641025641026,Eye_Patch_Right,2.6595744680851063,Long_Hair_Goatee_Grey,41.666666666666664,None,1.838235294117647,Pipe_Silver,6.578947368421053,Parrot_Blue,25.0,1663509219
Pirate Life #91,91,https://nft.hedgey.finance/fantom/0xb75b8dac018f36cdc1e16042bb598c99885ecbf9/91.png,1660832911045,Treasure,Treasure,10.0,239.4194323202181,Shadow,8.928571428571429,Sand,13.88888888888889,Neked,3.048780487804878,Angry_Eyes_Blue,11.363636363636365,None,1.6447368421052633,None,1.6025641025641026,Eye_Patch_Left,2.6595744680851063,Short_Hair_White,62.5,None,1.838235294117647,Cheeky,6.944444444444445,Corgi,125.0,1663509219
Pirate Life #92,92,https://nft.hedgey.finance/fantom/0xb75b8dac018f36cdc1e16042bb598c99885ecbf9/92.png,1660832911176,Treasure,Treasure,31.0,175.6055219384891,Yellow,13.88888888888889,Golden,5.952380952380952,Shirt_Pink_Grey,13.88888888888889,Stoned_Eyes,10.416666666666666,Sword_Right_Gun_Left,62.5,None,1.6025641025641026,Eye_Patch_Right,2.6595744680851063,Mid_Hair_Ginger,12.5,Pirate_Hat_Orange,41.666666666666664,Open_Mouth,7.8125,None,2.717391304347826,1663509219
Pirate Life #93,93,https://nft.hedgey.finance/fantom/0xb75b8dac018f36cdc1e16042bb598c99885ecbf9/93.png,1660832911319,Treasure,Treasure,55.0,143.71091343542213,Yellow,13.88888888888889,Honey,6.578947368421053,Neked,3.048780487804878,Wink_Green,12.5,Sword_Left,10.416666666666666,Teeth_Skull_Silver,15.625,Eye_Patch_Left,2.6595744680851063,Mid_Hair_Pink,41.666666666666664,Pirate_Hat_Red,13.88888888888889,Open_Mouth,7.8125,Parrot_Red,15.625,1663509219
Pirate Life #94,94,https://nft.hedgey.finance/fantom/0xb75b8dac018f36cdc1e16042bb598c99885ecbf9/94.png,1660832911458,Treasure,Treasure,100.0,107.70031402021745,Grey,20.833333333333332,Porcelain,8.333333333333334,Neked,3.048780487804878,Wink_Green,12.5,None,1.6447368421052633,Teeth,15.625,Eye_Patch_Left,2.6595744680851063,Long_Hair_Beard_Brown,13.88888888888889,Pirate_Hat_Red,13.88888888888889,Cheeky,6.944444444444445,Octopus,8.333333333333334,1663509219
Pirate Life #95,95,https://nft.hedgey.finance/fantom/0xb75b8dac018f36cdc1e16042bb598c99885ecbf9/95.png,1660832911615,Treasure,Treasure,38.0,164.75632865559007,Red,25.0,Devil,31.25,Shirt_LQDR,20.833333333333332,Bulging_Eyes_Orange,9.615384615384615,None,1.6447368421052633,None,1.6025641025641026,Eye_Patch_Right,2.6595744680851063,Short_Hair_Beard_White,31.25,None,1.838235294117647,Open_Mouth,7.8125,Octopus_Homme,31.25,1663509219
Pirate Life #96,96,https://nft.hedgey.finance/fantom/0xb75b8dac018f36cdc1e16042bb598c99885ecbf9/96.png,1660832911757,Treasure,Treasure,113.0,98.21339318674251,Spektral,13.88888888888889,Golden,5.952380952380952,Neked,3.048780487804878,Bulging_Eyes_Blue,9.615384615384615,None,1.6447368421052633,None,1.6025641025641026,None,4.62962962962963,Short_Hair_Goatee_Black,31.25,Bandana_Purple,12.5,Teeth_Silver,11.363636363636365,None,2.717391304347826,1663509219
Pirate Life #97,97,https://nft.hedgey.finance/fantom/0xb75b8dac018f36cdc1e16042bb598c99885ecbf9/97.png,1660832911901,Treasure,Treasure,80.0,124.5154931022545,Night_Blue,17.857142857142858,Espresso,5.952380952380952,Shirt_Blue,13.88888888888889,Stoned_Eyes,10.416666666666666,None,1.6447368421052633,None,1.6025641025641026,Eye_Patch_Left,2.6595744680851063,Mid_Hair_Goatee_Grey,41.666666666666664,None,1.838235294117647,Pipe_Gold,11.363636363636365,Monkey_Blue,15.625,1663509219
Pirate Life #98,98,https://nft.hedgey.finance/fantom/0xb75b8dac018f36cdc1e16042bb598c99885ecbf9/98.png,1660832912268,Treasure,Treasure,106.0,101.52643902767413,Indigo,12.5,Golden,5.952380952380952,Shirt_Shadow,25.0,Wink_Blue,12.5,None,1.6447368421052633,None,1.6025641025641026,Eye_Patch_Right,2.6595744680851063,Mid_Hair_Stubble_Blonde,15.625,None,1.838235294117647,Pipe_Silver,6.578947368421053,Octopus_Pink,15.625,1663509219
Pirate Life #99,99,https://nft.hedgey.finance/fantom/0xb75b8dac018f36cdc1e16042bb598c99885ecbf9/99.png,1660832912497,Treasure,Treasure,5.0,284.5018002247846,Abe_Purple,62.5,Espresso,5.952380952380952,Shirt_Yellow_Black,31.25,Stoned_Eyes,10.416666666666666,Sword_Left,10.416666666666666,None,1.6025641025641026,Eye_Patch_Left,2.6595744680851063,Short_Hair_Stubble_Black,125.0,Pirate_Hat_Blue,12.5,Pipe_Silver,6.578947368421053,Octopus_Pink,15.625,1663509219
Pirate Life #100,100,https://nft.hedgey.finance/fantom/0xb75b8dac018f36cdc1e16042bb598c99885ecbf9/100.png,1660832912613,Treasure,Treasure,67.0,133.15437384927728,Spektral,13.88888888888889,Concrete,9.615384615384615,Neked,3.048780487804878,Stoned_Eyes,10.416666666666666,None,1.6447368421052633,None,1.6025641025641026,Eye_Patch_Left,2.6595744680851063,Mid_Hair_Beard_Johnny,20.833333333333332,Pirate_Hat_Red,13.88888888888889,Open_Mouth_Gold,13.88888888888889,Parrot_Green,41.666666666666664,1663509219
Pirate Life #101,101,https://nft.hedgey.finance/fantom/0xb75b8dac018f36cdc1e16042bb598c99885ecbf9/101.png,1660833175308,Treasure,Treasure,87.0,118.6021662330453,Indigo,12.5,Golden,5.952380952380952,Shirt_Pink_Grey,13.88888888888889,Angry_Eyes_Blue,11.363636363636365,None,1.6447368421052633,None,1.6025641025641026,Eye_Patch_Left,2.6595744680851063,Mid_Hair_Brown,31.25,Pirate_Hat_Blue,12.5,Blunt,9.615384615384615,Octopus_Pink,15.625,1663509219
Pirate Life #102,102,https://nft.hedgey.finance/fantom/0xb75b8dac018f36cdc1e16042bb598c99885ecbf9/102.png,1660833175463,Treasure,Treasure,22.0,199.56217844305752,Purple,25.0,Porcelain,8.333333333333334,Shirt_Red,20.833333333333332,Wink_Orange,25.0,None,1.6447368421052633,None,1.6025641025641026,Eye_Patch_Right,2.6595744680851063,Mid_Hair_Stubble_Ginger,62.5,Pirate_Hat_Pink,25.0,Teeth_Silver,11.363636363636365,Octopus_Pink,15.625,1663509219
Pirate Life #103,103,https://nft.hedgey.finance/fantom/0xb75b8dac018f36cdc1e16042bb598c99885ecbf9/103.png,1660833175610,Treasure,Treasure,72.0,130.4279604622854,Puce,17.857142857142858,Sand,13.88888888888889,Shirt_LQDR,20.833333333333332,Eyes_Green,13.88888888888889,None,1.6447368421052633,None,1.6025641025641026,None,4.62962962962963,Short_Hair_Beard_White,31.25,Pirate_Hat_Blue,12.5,Blunt,9.615384615384615,None,2.717391304347826,1663509219
Pirate Life #104,104,https://nft.hedgey.finance/fantom/0xb75b8dac018f36cdc1e16042bb598c99885ecbf9/104.png,1660833175766,Treasure,Treasure,2.0,302.2435599469773,Grey,20.833333333333332,Goblin,31.25,Neked,3.048780487804878,Angry_Eyes_Red,125.0,Sword_Right,12.5,Teeth,15.625,Eye_Patch_Left,2.6595744680851063,Short_Hair_White,62.5,None,1.838235294117647,Pipe_Gold,11.363636363636365,Octopus_Pink,15.625,1663509219
Pirate Life #105,105,https://nft.hedgey.finance/fantom/0xb75b8dac018f36cdc1e16042bb598c99885ecbf9/105.png,1660833175915,Treasure,Treasure,51.0,151.6181086239877,Spektral,13.88888888888889,Concrete,9.615384615384615,Shirt_Green,15.625,Bulging_Eyes_Green,17.857142857142858,None,1.6447368421052633,Skull_Silver,12.5,Eye_Patch_Right,2.6595744680851063,Mid_Hair_Stubble_Grey,31.25,Pirate_Hat_Pink,25.0,Regular_Mouth,5.952380952380952,Monkey_Blue,15.625,1663509219
Pirate Life #106,106,https://nft.hedgey.finance/fantom/0xb75b8dac018f36cdc1e16042bb598c99885ecbf9/106.png,1660833176195,Treasure,Treasure,108.0,101.34156859897205,Abe_Cyan,13.88888888888889,Espresso,5.952380952380952,Neked,3.048780487804878,Angry_Eyes_Green,10.416666666666666,None,1.6447368421052633,None,1.6025641025641026,Eye_Patch_Right,2.6595744680851063,Mid_Hair_Stubble_Blonde,15.625,Bandana_Red,20.833333333333332,Open_Mouth,7.8125,Monkey_x,17.857142857142858,1663509219
Pirate Life #107,107,https://nft.hedgey.finance/fantom/0xb75b8dac018f36cdc1e16042bb598c99885ecbf9/107.png,1660833176439,Treasure,Treasure,58.0,139.3103569426662,Blue,15.625,Honey,6.578947368421053,Tattoo_Scar,31.25,Angry_Eyes,15.625,None,1.6447368421052633,None,1.6025641025641026,Eye_Patch_Right,2.6595744680851063,Mid_Hair_Goatee_Blonde,31.25,Bandana_Purple,12.5,Teeth_Gold,17.857142857142858,None,2.717391304347826,1663509219
Pirate Life #108,108,https://nft.hedgey.finance/fantom/0xb75b8dac018f36cdc1e16042bb598c99885ecbf9/108.png,1660833176597,Treasure,Treasure,54.0,144.0796167769852,Chilean_Fire,13.88888888888889,Golden,5.952380952380952,Shirt_Blue,13.88888888888889,Bulging_Eyes_Orange,9.615384615384615,None,1.6447368421052633,None,1.6025641025641026,None,4.62962962962963,Long_Hair_Goatee_Grey,41.666666666666664,Bandana_Green,25.0,Teeth_Gold,17.857142857142858,Octopus,8.333333333333334,1663509219
Pirate Life #109,109,https://nft.hedgey.finance/fantom/0xb75b8dac018f36cdc1e16042bb598c99885ecbf9/109.png,1660833176727,Treasure,Treasure,19.0,215.55639986491053,Chilean_Fire,13.88888888888889,Almond,8.333333333333334,Shirt_Pink_Grey,13.88888888888889,Wink_Green,12.5,Sword_Left,10.416666666666666,Teeth_Skull_Gold,41.666666666666664,Eye_Patch_Right,2.6595744680851063,Mid_Hair_Stubble_Ginger,62.5,Pirate_Hat_Blue,12.5,Regular_Mouth,5.952380952380952,Octopus_Homme,31.25,1663509219
Pirate Life #110,110,https://nft.hedgey.finance/fantom/0xb75b8dac018f36cdc1e16042bb598c99885ecbf9/110.png,1660833176911,Treasure,Treasure,61.0,136.92177330408254,Night_Blue,17.857142857142858,Honey,6.578947368421053,Shirt_Blue_Grey,17.857142857142858,Eyes_Orange,20.833333333333332,None,1.6447368421052633,None,1.6025641025641026,Eye_Patch_Right,2.6595744680851063,Long_Hair_Beard_Brown,13.88888888888889,Pirate_Hat_Green,41.666666666666664,Blunt,9.615384615384615,None,2.717391304347826,1663509219
Pirate Life #111,111,https://nft.hedgey.finance/fantom/0xb75b8dac018f36cdc1e16042bb598c99885ecbf9/111.png,1660833177071,Treasure,Treasure,57.0,140.47072566809408,Red,25.0,Espresso,5.952380952380952,Shirt_Green,15.625,Angry_Eyes_Blue,11.363636363636365,None,1.6447368421052633,None,1.6025641025641026,None,4.62962962962963,Long_Hair_Beard_Brown,13.88888888888889,Bandana_Dust,31.25,Open_Mouth_Gold,13.88888888888889,Parrot_Red,15.625,1663509219
Pirate Life #112,112,https://nft.hedgey.finance/fantom/0xb75b8dac018f36cdc1e16042bb598c99885ecbf9/112.png,1660833177239,Treasure,Treasure,73.0,129.7918869184113,Deep_Violet,25.0,Espresso,5.952380952380952,Neked,3.048780487804878,Bulging_Eyes_Green,17.857142857142858,Gun_Right,12.5,None,1.6025641025641026,None,4.62962962962963,Mid_Hair_Blonde,13.88888888888889,Bandana_Purple,12.5,Open_Mouth,7.8125,Parrot_Blue,25.0,1663509219
Pirate Life #113,113,https://nft.hedgey.finance/fantom/0xb75b8dac018f36cdc1e16042bb598c99885ecbf9/113.png,1660833177415,Treasure,Treasure,43.0,159.24299783118946,Green,41.666666666666664,Honey,6.578947368421053,Shirt_Blue_Grey,17.857142857142858,Angry_Eyes,15.625,None,1.6447368421052633,Teeth,15.625,Eye_Patch_Left,2.6595744680851063,Mid_Hair_Grey,41.666666666666664,None,1.838235294117647,Pipe_Gold,11.363636363636365,None,2.717391304347826,1663509219
Pirate Life #114,114,https://nft.hedgey.finance/fantom/0xb75b8dac018f36cdc1e16042bb598c99885ecbf9/114.png,1660833177574,Treasure,Treasure,74.0,129.3462832271623,Puce,17.857142857142858,Golden,5.952380952380952,Shirt_Blue_Grey,17.857142857142858,Bulging_Eyes_Orange,9.615384615384615,None,1.6447368421052633,Skull_Silver,12.5,Eye_Patch_Left,2.6595744680851063,Short_Hair_Goatee_White,17.857142857142858,Bandana_Red,20.833333333333332,Cheeky,6.944444444444445,Monkey_Blue,15.625,1663509219
Pirate Life #115,115,https://nft.hedgey.finance/fantom/0xb75b8dac018f36cdc1e16042bb598c99885ecbf9/115.png,1660833177767,Treasure,Treasure,119.0,91.85039175364253,Shadow,8.928571428571429,Concrete,9.615384615384615,Shirt_Green_Grey,15.625,Eyes_Green,13.88888888888889,None,1.6447368421052633,None,1.6025641025641026,None,4.62962962962963,Mid_Hair_Ginger,12.5,None,1.838235294117647,Regular_Mouth,5.952380952380952,Monkey_Ginger,15.625,1663509219
Pirate Life #116,116,https://nft.hedgey.finance/fantom/0xb75b8dac018f36cdc1e16042bb598c99885ecbf9/116.png,1660833177909,Treasure,Treasure,34.0,170.86102027302897,Abe_Cyan,13.88888888888889,Honey,6.578947368421053,Neked,3.048780487804878,Eyes_Green,13.88888888888889,Gun_Left,20.833333333333332,Teeth,15.625,Eye_Patch_Left,2.6595744680851063,Short_Hair_Stubble_Green,62.5,Pirate_Hat_Red,13.88888888888889,Blunt,9.615384615384615,Octopus,8.333333333333334,1663509219
Pirate Life #117,117,https://nft.hedgey.finance/fantom/0xb75b8dac018f36cdc1e16042bb598c99885ecbf9/117.png,1660833178444,Treasure,Treasure,41.0,163.34070699395778,Shadow,8.928571428571429,Devil,31.25,Shirt_LQDR,20.833333333333332,Eyes_Shadow,41.666666666666664,None,1.6447368421052633,None,1.6025641025641026,None,4.62962962962963,Short_Hair_Goatee_Black,31.25,None,1.838235294117647,Teeth_Silver,11.363636363636365,Octopus,8.333333333333334,1663509219
Pirate Life #118,118,https://nft.hedgey.finance/fantom/0xb75b8dac018f36cdc1e16042bb598c99885ecbf9/118.png,1660833178603,Treasure,Treasure,114.0,97.86468494453253,Chilean_Fire,13.88888888888889,Honey,6.578947368421053,Neked,3.048780487804878,Wink_Blue,12.5,Sword_Left,10.416666666666666,None,1.6025641025641026,Eye_Patch_Left,2.6595744680851063,Mid_Hair_Beard_Ginger,31.25,None,1.838235294117647,Pipe_Gold,11.363636363636365,None,2.717391304347826,1663509219
Pirate Life #119,119,https://nft.hedgey.finance/fantom/0xb75b8dac018f36cdc1e16042bb598c99885ecbf9/119.png,1660833178823,Treasure,Treasure,84.0,120.31140664988757,Shadow,8.928571428571429,Goblin,31.25,Neked,3.048780487804878,Angry_Eyes_Blue,11.363636363636365,Sword_Dual,20.833333333333332,None,1.6025641025641026,None,4.62962962962963,Mid_Hair_Stubble_Blonde,15.625,Pirate_Hat_Blue,12.5,Open_Mouth,7.8125,None,2.717391304347826,1663509219
Pirate Life #120,120,https://nft.hedgey.finance/fantom/0xb75b8dac018f36cdc1e16042bb598c99885ecbf9/120.png,1660833178965,Treasure,Treasure,47.0,156.03736344422342,Blue,15.625,Concrete,9.615384615384615,Neked,3.048780487804878,Bulging_Eyes_Orange,9.615384615384615,None,1.6447368421052633,Teeth_Gold,31.25,Eye_Patch_Left,2.6595744680851063,Long_Hair_Stubble_Brown,31.25,Pirate_Hat_Orange,41.666666666666664,Cheeky,6.944444444444445,None,2.717391304347826,1663509219
Pirate Life #121,121,https://nft.hedgey.finance/fantom/0xb75b8dac018f36cdc1e16042bb598c99885ecbf9/121.png,1660833255065,Treasure,Treasure,82.0,122.52856373045672,Spektral,13.88888888888889,Almond,8.333333333333334,Shirt_Pink_Grey,13.88888888888889,Stoned_Eyes,10.416666666666666,Gun_Right,12.5,Teeth_Blood,17.857142857142858,Eye_Patch_Left,2.6595744680851063,Short_Hair_Beard_Black,25.0,None,1.838235294117647,Open_Mouth,7.8125,Octopus,8.333333333333334,1663509219
Pirate Life #122,122,https://nft.hedgey.finance/fantom/0xb75b8dac018f36cdc1e16042bb598c99885ecbf9/122.png,1660833255254,Treasure,Treasure,116.0,94.88979981504214,Purple,25.0,Espresso,5.952380952380952,Neked,3.048780487804878,Angry_Eyes_Blue,11.363636363636365,None,1.6447368421052633,None,1.6025641025641026,Eye_Patch_Left,2.6595744680851063,Mid_Hair_Goatee_Blonde,31.25,None,1.838235294117647,Open_Mouth,7.8125,None,2.717391304347826,1663509219
Pirate Life #123,123,https://nft.hedgey.finance/fantom/0xb75b8dac018f36cdc1e16042bb598c99885ecbf9/123.png,1660833255376,Treasure,Treasure,75.0,129.01432352020257,Shadow,8.928571428571429,Concrete,9.615384615384615,Shirt_Yellow_Black,31.25,Eyes_Green,13.88888888888889,None,1.6447368421052633,None,1.6025641025641026,Eye_Patch_Right,2.6595744680851063,Mid_Hair_Beard_Brown,31.25,Pirate_Hat_Red,13.88888888888889,Regular_Mouth,5.952380952380952,Octopus,8.333333333333334,1663509219
Pirate Life #124,124,https://nft.hedgey.finance/fantom/0xb75b8dac018f36cdc1e16042bb598c99885ecbf9/124.png,1660833255513,Treasure,Treasure,94.0,112.560990101364,Mint,13.88888888888889,Porcelain,8.333333333333334,Neked,3.048780487804878,Wink_Blue,12.5,Gun_Left,20.833333333333332,None,1.6025641025641026,Eye_Patch_Right,2.6595744680851063,Mid_Hair_Beard_Brown,31.25,None,1.838235294117647,Open_Mouth_Gold,13.88888888888889,None,2.717391304347826,1663509219
Pirate Life #125,125,https://nft.hedgey.finance/fantom/0xb75b8dac018f36cdc1e16042bb598c99885ecbf9/125.png,1660833255650,Treasure,Treasure,66.0,134.7229971565078,Indigo,12.5,Almond,8.333333333333334,Shirt_Green_Grey,15.625,Angry_Eyes_Green,10.416666666666666,Sword_Right,12.5,None,1.6025641025641026,Eye_Patch_Left,2.6595744680851063,Mid_Hair_Blonde,13.88888888888889,Bandana_Green,25.0,Teeth_Silver,11.363636363636365,Parrot_Purple,20.833333333333332,1663509219
